<?xml version='1.0' encoding='UTF-8'?>
<metadata>

<additionalName><date>25-6-2009</date><format>bytestream</format><name>nl_1901.dbf</name><size>87600</size></additionalName>

<additionalName><date>25-6-2009</date><format>bytestream</format><name>nl_1901.sbn</name><size>12092</size></additionalName>

<additionalName><date>25-6-2009</date><format>bytestream</format><name>nl_1901.sbx</name><size>1100</size></additionalName>

<additionalName><date>25-6-2009</date><format>bytestream</format><name>nl_1901.shp</name><size>522516</size></additionalName>

<additionalName><date>25-6-2009</date><format>bytestream</format><name>nl_1901.shx</name><size>9068</size></additionalName>

<additionalName><date>25-6-2009</date><format>bytestream</format><name>nl_1902.dbf</name><size>87600</size></additionalName>

<additionalName><date>25-6-2009</date><format>bytestream</format><name>nl_1902.sbn</name><size>12092</size></additionalName>

<additionalName><date>25-6-2009</date><format>bytestream</format><name>nl_1902.sbx</name><size>1100</size></additionalName>

<additionalName><date>25-6-2009</date><format>bytestream</format><name>nl_1902.shp</name><size>522516</size></additionalName>

<additionalName><date>25-6-2009</date><format>bytestream</format><name>nl_1902.shx</name><size>9068</size></additionalName>

<additionalName><date>25-6-2009</date><format>bytestream</format><name>nl_1903.dbf</name><size>87600</size></additionalName>

<additionalName><date>25-6-2009</date><format>bytestream</format><name>nl_1903.sbn</name><size>12092</size></additionalName>

<additionalName><date>25-6-2009</date><format>bytestream</format><name>nl_1903.sbx</name><size>1100</size></additionalName>

<additionalName><date>25-6-2009</date><format>bytestream</format><name>nl_1903.shp</name><size>522532</size></additionalName>

<additionalName><date>25-6-2009</date><format>bytestream</format><name>nl_1903.shx</name><size>9068</size></additionalName>

<additionalName><date>25-6-2009</date><format>bytestream</format><name>nl_1904.dbf</name><size>87600</size></additionalName>

<additionalName><date>25-6-2009</date><format>bytestream</format><name>nl_1904.sbn</name><size>12092</size></additionalName>

<additionalName><date>25-6-2009</date><format>bytestream</format><name>nl_1904.sbx</name><size>1100</size></additionalName>

<additionalName><date>25-6-2009</date><format>bytestream</format><name>nl_1904.shp</name><size>522404</size></additionalName>

<additionalName><date>25-6-2009</date><format>bytestream</format><name>nl_1904.shx</name><size>9068</size></additionalName>

<additionalName><date>25-6-2009</date><format>bytestream</format><name>nl_1905.dbf</name><size>87600</size></additionalName>

<additionalName><date>25-6-2009</date><format>bytestream</format><name>nl_1905.sbn</name><size>12092</size></additionalName>

<additionalName><date>25-6-2009</date><format>bytestream</format><name>nl_1905.sbx</name><size>1100</size></additionalName>

<additionalName><date>25-6-2009</date><format>bytestream</format><name>nl_1905.shp</name><size>522404</size></additionalName>

<additionalName><date>25-6-2009</date><format>bytestream</format><name>nl_1905.shx</name><size>9068</size></additionalName>

<additionalName><date>25-6-2009</date><format>bytestream</format><name>nl_1906.dbf</name><size>87600</size></additionalName>

<additionalName><date>25-6-2009</date><format>bytestream</format><name>nl_1906.sbn</name><size>12092</size></additionalName>

<additionalName><date>25-6-2009</date><format>bytestream</format><name>nl_1906.sbx</name><size>1100</size></additionalName>

<additionalName><date>25-6-2009</date><format>bytestream</format><name>nl_1906.shp</name><size>522404</size></additionalName>

<additionalName><date>25-6-2009</date><format>bytestream</format><name>nl_1906.shx</name><size>9068</size></additionalName>

<additionalName><date>25-6-2009</date><format>bytestream</format><name>nl_1907.dbf</name><size>87600</size></additionalName>

<additionalName><date>25-6-2009</date><format>bytestream</format><name>nl_1907.sbn</name><size>12092</size></additionalName>

<additionalName><date>25-6-2009</date><format>bytestream</format><name>nl_1907.sbx</name><size>1100</size></additionalName>

<additionalName><date>25-6-2009</date><format>bytestream</format><name>nl_1907.shp</name><size>522404</size></additionalName>

<additionalName><date>25-6-2009</date><format>bytestream</format><name>nl_1907.shx</name><size>9068</size></additionalName>

<additionalName><date>25-6-2009</date><format>bytestream</format><name>nl_1908.dbf</name><size>87600</size></additionalName>

<additionalName><date>25-6-2009</date><format>bytestream</format><name>nl_1908.sbn</name><size>12092</size></additionalName>

<additionalName><date>25-6-2009</date><format>bytestream</format><name>nl_1908.sbx</name><size>1100</size></additionalName>

<additionalName><date>25-6-2009</date><format>bytestream</format><name>nl_1908.shp</name><size>522340</size></additionalName>

<additionalName><date>25-6-2009</date><format>bytestream</format><name>nl_1908.shx</name><size>9068</size></additionalName>

<additionalName><date>25-6-2009</date><format>bytestream</format><name>nl_1909.dbf</name><size>87600</size></additionalName>

<additionalName><date>25-6-2009</date><format>bytestream</format><name>nl_1909.sbn</name><size>12092</size></additionalName>

<additionalName><date>25-6-2009</date><format>bytestream</format><name>nl_1909.sbx</name><size>1100</size></additionalName>

<additionalName><date>25-6-2009</date><format>bytestream</format><name>nl_1909.shp</name><size>522260</size></additionalName>

<additionalName><date>25-6-2009</date><format>bytestream</format><name>nl_1909.shx</name><size>9068</size></additionalName>

<additionalName><date>25-6-2009</date><format>bytestream</format><name>nl_1910.dbf</name><size>87600</size></additionalName>

<additionalName><date>25-6-2009</date><format>bytestream</format><name>nl_1910.sbn</name><size>12092</size></additionalName>

<additionalName><date>25-6-2009</date><format>bytestream</format><name>nl_1910.sbx</name><size>1100</size></additionalName>

<additionalName><date>25-6-2009</date><format>bytestream</format><name>nl_1910.shp</name><size>522116</size></additionalName>

<additionalName><date>25-6-2009</date><format>bytestream</format><name>nl_1910.shx</name><size>9068</size></additionalName>

<additionalName><date>25-6-2009</date><format>bytestream</format><name>nl_1911.dbf</name><size>87600</size></additionalName>

<additionalName><date>25-6-2009</date><format>bytestream</format><name>nl_1911.sbn</name><size>12092</size></additionalName>

<additionalName><date>25-6-2009</date><format>bytestream</format><name>nl_1911.sbx</name><size>1100</size></additionalName>

<additionalName><date>25-6-2009</date><format>bytestream</format><name>nl_1911.shp</name><size>522116</size></additionalName>

<additionalName><date>25-6-2009</date><format>bytestream</format><name>nl_1911.shx</name><size>9068</size></additionalName>

<additionalName><date>25-6-2009</date><format>bytestream</format><name>nl_1912.dbf</name><size>87600</size></additionalName>

<additionalName><date>25-6-2009</date><format>bytestream</format><name>nl_1912.sbn</name><size>12092</size></additionalName>

<additionalName><date>25-6-2009</date><format>bytestream</format><name>nl_1912.sbx</name><size>1100</size></additionalName>

<additionalName><date>25-6-2009</date><format>bytestream</format><name>nl_1912.shp</name><size>522116</size></additionalName>

<additionalName><date>25-6-2009</date><format>bytestream</format><name>nl_1912.shx</name><size>9068</size></additionalName>

<additionalName><date>25-6-2009</date><format>bytestream</format><name>nl_1913.dbf</name><size>87600</size></additionalName>

<additionalName><date>25-6-2009</date><format>bytestream</format><name>nl_1913.sbn</name><size>12092</size></additionalName>

<additionalName><date>25-6-2009</date><format>bytestream</format><name>nl_1913.sbx</name><size>1100</size></additionalName>

<additionalName><date>25-6-2009</date><format>bytestream</format><name>nl_1913.shp</name><size>522116</size></additionalName>

<additionalName><date>25-6-2009</date><format>bytestream</format><name>nl_1913.shx</name><size>9068</size></additionalName>

<additionalName><date>25-6-2009</date><format>bytestream</format><name>nl_1914.dbf</name><size>87522</size></additionalName>

<additionalName><date>25-6-2009</date><format>bytestream</format><name>nl_1914.sbn</name><size>12084</size></additionalName>

<additionalName><date>25-6-2009</date><format>bytestream</format><name>nl_1914.sbx</name><size>1100</size></additionalName>

<additionalName><date>25-6-2009</date><format>bytestream</format><name>nl_1914.shp</name><size>521800</size></additionalName>

<additionalName><date>25-6-2009</date><format>bytestream</format><name>nl_1914.shx</name><size>9060</size></additionalName>

<additionalName><date>25-6-2009</date><format>bytestream</format><name>nl_1915.dbf</name><size>87522</size></additionalName>

<additionalName><date>25-6-2009</date><format>bytestream</format><name>nl_1915.sbn</name><size>12084</size></additionalName>

<additionalName><date>25-6-2009</date><format>bytestream</format><name>nl_1915.sbx</name><size>1100</size></additionalName>

<additionalName><date>25-6-2009</date><format>bytestream</format><name>nl_1915.shp</name><size>521800</size></additionalName>

<additionalName><date>25-6-2009</date><format>bytestream</format><name>nl_1915.shx</name><size>9060</size></additionalName>

<additionalName><date>25-6-2009</date><format>bytestream</format><name>nl_1916.dbf</name><size>87522</size></additionalName>

<additionalName><date>25-6-2009</date><format>bytestream</format><name>nl_1916.sbn</name><size>12084</size></additionalName>

<additionalName><date>25-6-2009</date><format>bytestream</format><name>nl_1916.sbx</name><size>1100</size></additionalName>

<additionalName><date>25-6-2009</date><format>bytestream</format><name>nl_1916.shp</name><size>521800</size></additionalName>

<additionalName><date>25-6-2009</date><format>bytestream</format><name>nl_1916.shx</name><size>9060</size></additionalName>

<additionalName><date>25-6-2009</date><format>bytestream</format><name>nl_1917.dbf</name><size>87522</size></additionalName>

<additionalName><date>25-6-2009</date><format>bytestream</format><name>nl_1917.sbn</name><size>12084</size></additionalName>

<additionalName><date>25-6-2009</date><format>bytestream</format><name>nl_1917.sbx</name><size>1100</size></additionalName>

<additionalName><date>25-6-2009</date><format>bytestream</format><name>nl_1917.shp</name><size>521800</size></additionalName>

<additionalName><date>25-6-2009</date><format>bytestream</format><name>nl_1917.shx</name><size>9060</size></additionalName>

<additionalName><date>25-6-2009</date><format>bytestream</format><name>nl_1918.dbf</name><size>87366</size></additionalName>

<additionalName><date>25-6-2009</date><format>bytestream</format><name>nl_1918.sbn</name><size>12068</size></additionalName>

<additionalName><date>25-6-2009</date><format>bytestream</format><name>nl_1918.sbx</name><size>1100</size></additionalName>

<additionalName><date>25-6-2009</date><format>bytestream</format><name>nl_1918.shp</name><size>521240</size></additionalName>

<additionalName><date>25-6-2009</date><format>bytestream</format><name>nl_1918.shx</name><size>9044</size></additionalName>

<additionalName><date>25-6-2009</date><format>bytestream</format><name>nl_1919.dbf</name><size>87366</size></additionalName>

<additionalName><date>25-6-2009</date><format>bytestream</format><name>nl_1919.sbn</name><size>12068</size></additionalName>

<additionalName><date>25-6-2009</date><format>bytestream</format><name>nl_1919.sbx</name><size>1100</size></additionalName>

<additionalName><date>25-6-2009</date><format>bytestream</format><name>nl_1919.shp</name><size>521240</size></additionalName>

<additionalName><date>25-6-2009</date><format>bytestream</format><name>nl_1919.shx</name><size>9044</size></additionalName>

<additionalName><date>25-6-2009</date><format>bytestream</format><name>nl_1920.dbf</name><size>86742</size></additionalName>

<additionalName><date>25-6-2009</date><format>bytestream</format><name>nl_1920.sbn</name><size>12004</size></additionalName>

<additionalName><date>25-6-2009</date><format>bytestream</format><name>nl_1920.sbx</name><size>1100</size></additionalName>

<additionalName><date>25-6-2009</date><format>bytestream</format><name>nl_1920.shp</name><size>519140</size></additionalName>

<additionalName><date>25-6-2009</date><format>bytestream</format><name>nl_1920.shx</name><size>8980</size></additionalName>
</metadata>
