<?xml version='1.0' encoding='UTF-8'?>
<metadata>

<additionalName><date>5-12-2007</date><format>bytestream</format><name>PROV1980.DBF</name><size>2418</size></additionalName>

<additionalName><date>5-12-2007</date><format>bytestream</format><name>PROV1980.SHP</name><size>92596</size></additionalName>

<additionalName><date>5-12-2007</date><format>bytestream</format><name>PROV1980.SHX</name><size>196</size></additionalName>

<additionalName><date>5-12-2007</date><format>bytestream</format><name>PROV1830.SHX</name><size>188</size></additionalName>

<additionalName><date>5-12-2007</date><format>bytestream</format><name>PROV1950.SHX</name><size>196</size></additionalName>

<additionalName><date>5-12-2007</date><format>bytestream</format><name>PROV1950.SHP</name><size>89060</size></additionalName>

<additionalName><date>5-12-2007</date><format>bytestream</format><name>PROV1890.DBF</name><size>2238</size></additionalName>

<additionalName><date>5-12-2007</date><format>bytestream</format><name>PROV1950.DBF</name><size>2418</size></additionalName>

<additionalName><date>5-12-2007</date><format>bytestream</format><name>PROV1920.SHP</name><size>89380</size></additionalName>

<additionalName><date>5-12-2007</date><format>bytestream</format><name>PROV1940.SHP</name><size>88740</size></additionalName>

<additionalName><date>5-12-2007</date><format>bytestream</format><name>PROV1860.SHP</name><size>90008</size></additionalName>

<additionalName><date>5-12-2007</date><format>bytestream</format><name>PROV1890.SHX</name><size>188</size></additionalName>

<additionalName><date>5-12-2007</date><format>bytestream</format><name>PROV1890.SHP</name><size>89332</size></additionalName>

<additionalName><date>5-12-2007</date><format>bytestream</format><name>PROV1830.SHP</name><size>91176</size></additionalName>

<additionalName><date>5-12-2007</date><format>bytestream</format><name>PROV1920.DBF</name><size>2238</size></additionalName>

<additionalName><date>5-12-2007</date><format>bytestream</format><name>PROV1830.DBF</name><size>2238</size></additionalName>

<additionalName><date>5-12-2007</date><format>bytestream</format><name>PROV1940.DBF</name><size>2238</size></additionalName>

<additionalName><date>5-12-2007</date><format>bytestream</format><name>PROV1920.SHX</name><size>188</size></additionalName>

<additionalName><date>5-12-2007</date><format>bytestream</format><name>PROV1940.SHX</name><size>188</size></additionalName>

<additionalName><date>5-12-2007</date><format>bytestream</format><name>PROV1860.DBF</name><size>2238</size></additionalName>

<additionalName><date>5-12-2007</date><format>bytestream</format><name>PROV1860.SHX</name><size>188</size></additionalName>
</metadata>
