,Naam_x,District,Verkiezingdatum,Sterfdatum,Vermogen,Naam_y,matched b1-nummer,nw0,Vermogen_deflated,nw0_deflated
0,mr. J. van Riemsdijk,Almelo,02/01/1849,01/11/1879,29618.27,D. Donker Curtius,00332,,21894.176077170687,
1,D. Mulder Dzn.,Winschoten,12/03/1878,17/09/1889,1018.44,J.W.J. van Vos van Steenwijk,01479,225561.23,966.1552594431141,232494.57405540845
2,D. Mulder Dzn.,Winschoten,10/06/1879,17/09/1889,1018.44,J.W.J. van Vos van Steenwijk,01479,225561.23,966.1552594431141,232494.57405540845
3,mr. S.J. baron van Pallandt,Almelo,08/06/1875,20/08/1890,1076713.3,J.R. Corver Hooft,00273,715203.6,1021995.0830920425,678486.4299444731
4,mr. S.J. baron van Pallandt,Almelo,22/06/1875,20/08/1890,1076713.3,J.R. Corver Hooft,00273,715203.6,1021995.0830920425,678486.4299444731
5,H.P. Gelderman,Almelo,10/06/1879,09/03/1888,747677.45,J.R. Corver Hooft,00273,715203.6,697634.1485100461,678486.4299444731
6,J.E. Stork,Almelo,28/10/1884,18/01/1893,833477.66,J.R. Corver Hooft,00273,715203.6,841715.5201529033,678486.4299444731
7,J.E. Stork,Almelo,28/10/1884,18/01/1893,833477.66,A. van Laer,00998,129308.0,841715.5201529033,122938.1478070287
8,J.E. Stork,Almelo,11/11/1884,18/01/1893,833477.66,J.R. Corver Hooft,00273,715203.6,841715.5201529033,678486.4299444731
9,J.E. Stork,Almelo,11/11/1884,18/01/1893,833477.66,A.H.M. van Berckel,00089,41260.15,841715.5201529033,35834.440285119344
10,mr. B.A. Reigers,Zutphen,30/10/1866,25/03/1895,23690.56,H.A. van Rappard,01083,0.0,24735.815517946594,0.0
11,mr. B.A. Reigers,Zutphen,30/10/1866,25/03/1895,23690.56,J. Dam,00285,,24735.815517946594,
12,jhr.mr. H.B. van Tets,Zutphen,05/12/1882,20/03/1884,191080.8,W.G. van Brantsen van de Zijp,00198,724361.0,163195.6679947811,719637.987362833
13,jhr.mr. H.B. van Tets,Zutphen,12/06/1883,20/03/1884,191080.8,W.G. van Brantsen van de Zijp,00198,724361.0,163195.6679947811,719637.987362833
14,K.W. van Gorkom,Zutphen,28/10/1884,10/03/1910,44525.24,W.G. van Brantsen van de Zijp,00198,724361.0,40994.56265982399,719637.987362833
15,K.W. van Gorkom,Zutphen,28/10/1884,10/03/1910,44525.24,S.M.S. de Ranitz,01081,155957.88,40994.56265982399,144479.38010034637
16,P.C.G. Guyot,Arnhem,24/09/1850,17/02/1861,,W. van Lynden,00855,,,
17,P.C.G. Guyot,Arnhem,24/09/1850,17/02/1861,,Æ. van Mackay,00861,,,
18,P.C.G. Guyot,Arnhem,08/10/1850,17/02/1861,,W. van Lynden,00855,,,
19,P.C.G. Guyot,Arnhem,08/10/1850,17/02/1861,,Æ. van Mackay,00861,,,
20,jhr.mr. H.G.C.L. Janssens,Alkmaar,25/10/1870,20/06/1897,1320432.3,C. van Foreest,00416,,1361019.999569533,
21,W. Bos,Alkmaar,28/10/1884,15/03/1893,24601.03,W. van der Kaay,00666,6642.13,24844.179702125643,4222.443110295422
22,W. Bos,Alkmaar,28/10/1884,15/03/1893,24601.03,J.L. de Bruyn Kops,00232,27232.45,24844.179702125643,25890.95000500757
23,jhr. M. Salvador,Haarlem,10/06/1862,30/10/1884,66519.1,F.A. van Hall,00138,256112.74,56811.72027179939,243496.3489140897
24,J.P. de Bordes,Amsterdam,13/06/1871,05/01/1899,152328.28,C. Fock,00409,-4863.65,151335.06198931485,-4477.981582591198
25,J.P. de Bordes,Amsterdam,13/06/1871,05/01/1899,152328.28,G.C.J. van Reenen,01092,587570.13,151335.06198931485,593377.5088815925
26,J.P. de Bordes,Amsterdam,13/06/1871,05/01/1899,152328.28,E.H. s' Jacob,00631,665450.23,151335.06198931485,593310.2608317393
27,J.P. de Bordes,Amsterdam,27/06/1871,05/01/1899,152328.28,E.H. s' Jacob,00631,665450.23,151335.06198931485,593310.2608317393
28,mr. H.A. Neeb,Leiden,22/06/1869,12/11/1896,423225.03,P.H. van Taets van Amerongen,01337,,453455.3890693696,
29,mr. H.A. Neeb,Leiden,01/04/1873,12/11/1896,423225.03,J.L.C. van den Berch van Heemstede,00088,2145671.5,453455.3890693696,1586105.792970587
30,mr. H.A. Neeb,Leiden,12/06/1877,12/11/1896,423225.03,J.L.C. van den Berch van Heemstede,00088,2145671.5,453455.3890693696,1586105.792970587
31,mr. J.B.L. Wentholt,Gouda,14/06/1864,16/06/1902,92380.13,W.M. de Brauw,00201,,83671.02195167232,
32,mr. J.B.L. Wentholt,Gouda,13/06/1871,16/06/1902,92380.13,M.A.F.H. Hoffman,00589,,83671.02195167232,
33,mr. J.T. Buys,Gouda,10/06/1873,14/05/1895,30261.24,W.M. de Brauw,00201,,31596.401688449165,
34,dr. T.C.L. Wijnmalen,Gouda,12/06/1877,14/01/1891,2029.28,M. Bichon van Ysselmonde,04398,,1924.4700589987733,
35,mr. A.A. van Bergen Ijzendoorn,Gouda,14/06/1881,17/01/1895,218015.78,M. Bichon van Ysselmonde,04398,,227634.89398651745,
36,J. van der Breggen,Gouda,28/10/1884,05/03/1894,147877.78,K.A. Godin de Beaufort,00465,,152658.80406126185,
37,J. van der Breggen,Gouda,28/10/1884,05/03/1894,147877.78,U.H. Huber,00612,192459.58,152658.80406126185,130414.62979673278
38,jhr.mr. H.G.C.L. Janssens,Delft,12/06/1860,20/06/1897,1320432.3,C. Hoekwater,00586,2077.0,1361019.999569533,1455.4417445130725
39,C.J. Vaillant,Delft,10/06/1873,27/03/1914,218359.52,J.L. Nierstrasz,00968,10900.76,189645.2431735542,7503.614210870044
40,C.J. Vaillant,Delft,24/06/1873,27/03/1914,218359.52,J.L. Nierstrasz,00968,10900.76,189645.2431735542,7503.614210870044
41,C.J. Vaillant,Delft,08/06/1875,27/03/1914,218359.52,F. de Casembroot,00255,1493.75,189645.2431735542,1559.6560161487414
42,C.J. Vaillant,Delft,22/06/1875,27/03/1914,218359.52,F. de Casembroot,00255,1493.75,189645.2431735542,1559.6560161487414
43,mr. A.M. Maas Geesteranus,Delft,15/06/1886,27/05/1899,106079.28,J.C. Fabius,00396,,105387.61689281784,
44,mr. A.M. Maas Geesteranus,Delft,15/06/1886,27/05/1899,106079.28,A.H.M. van Berckel,00089,41260.15,105387.61689281784,35834.440285119344
45,mr. P.E.A. Janssens,Breda,22/01/1868,15/01/1881,48650.18,N.R.H. Guljé,00497,88957.915,38003.850740471025,78166.68272079006
46,mr. P.E.A. Janssens,Breda,22/01/1868,15/01/1881,48650.18,P.J.J. Hollingérus Pijpers,00592,1415.43,38003.850740471025,1292.5044216032625
47,dr. T.C.L. Wijnmalen,Zevenbergen,23/04/1878,14/01/1891,2029.28,J.H.A. Diepen,00299,95705.29,1924.4700589987733,97661.90145937176
48,J.H.A. Diepen,Zevenbergen,07/05/1878,20/06/1897,153379.83,R. van der Werk,01522,96000.41,158094.44843221043,57473.0220076071
49,mr. H.A. van Mens,Tilburg,19/01/1864,08/03/1893,73732.34,C.C.A. Beens,00078,117229.005,74461.08983315848,111454.17718904404
50,J.H.A. Diepen,Tilburg,23/11/1880,20/06/1897,153379.83,B.M. Bahlmann,00057,,158094.44843221043,
51,J.H.A. Diepen,Tilburg,07/12/1880,20/06/1897,153379.83,B.M. Bahlmann,00057,,158094.44843221043,
52,mr. M. van den Acker,Eindhoven,17/05/1853,15/07/1871,,J.B. Bots,00186,,,
53,mr. M. van den Acker,Eindhoven,17/05/1853,15/07/1871,,J.F. van der Heyde,00577,,,
54,J.H.A. Diepen,Eindhoven,10/06/1879,20/06/1897,153379.83,C.A.H. Barge,00063,-701.62,158094.44843221043,-369.7807230629418
55,mr. F.G.J. baron van Rijckevorsel van Kessel,Den Bosch,11/09/1850,24/05/1879,336478.51,J.H.H. de Poorter,01054,,248728.9009156861,
56,mr. J.H.A.M. Essink,Ommen,09/06/1891,18/01/1918,483898.69,E. van Weede van Dijkveld,01400,498884.04,307617.3892518635,262931.07527687575
57,mr. J.H.A.M. Essink,Enschede,09/06/1891,18/01/1918,483898.69,W.J. Geertsema,00438,,307617.3892518635,
58,mr. J.H.A.M. Essink,Enschede,23/06/1891,18/01/1918,483898.69,W.J. Geertsema,00438,,307617.3892518635,
59,W. Bos,Enkhuizen,06/03/1888,15/03/1893,24601.03,D. Visser van Hazerswoude,01444,,24844.179702125643,
60,W. Bos,Enkhuizen,28/10/1890,15/03/1893,24601.03,J. Zijp,01613,54541.84,24844.179702125643,56218.35746771836
61,W. Bos,Beverwijk,09/06/1891,15/03/1893,24601.03,J.W.G. Boreel van Hogelanden,00164,,24844.179702125643,
62,W. Bos,Beverwijk,23/06/1891,15/03/1893,24601.03,J.W.G. Boreel van Hogelanden,00164,,24844.179702125643,
63,dr. T.C.L. Wijnmalen,Haarlemmermeer,09/06/1891,14/01/1891,2029.28,F.J.M.A. Reekers,01091,234556.0,1924.4700589987733,120529.53179612223
64,J.G. van Schaardenburg,Dordrecht,26/03/1889,08/03/1900,203448.98,S.M.H. van Gijn,00500,1548611.47,203448.98,1240166.2749773038
65,F.G. Mellink Pzn.,Amsterdam II,15/06/1897,02/07/1905,448.58,H.F. Groen van Waarder,00486,712206.54,407.7786585630273,643185.3809820791
66,F.G. Mellink Pzn.,Amsterdam II,25/06/1897,02/07/1905,448.58,H.F. Groen van Waarder,00486,712206.54,407.7786585630273,643185.3809820791
67,J. Hoven,Zwolle,25/06/1897,18/01/1906,-14938.28,A. van Dedem,00293,,-13639.503981104786,
68,J.H. Tromp Meesters,Steenwijk,16/06/1905,25/09/1902,3047267.23,L.F. Duymaer van Twist,00354,,2759987.0588398357,
69,mr. D. Bonthuis,Appingedam,27/12/1848,11/04/1905,1547010.9,R. Westerhoff,01527,,1406299.9455713176,
70,A. Vogelsang,Ridderkerk,30/11/1848,30/06/1877,10000,W. Wijnaendts,01582,152344.32,7007.42293939852,130112.14662912597
71,L. Kluit,Ridderkerk,30/11/1848,11/03/1858,,W. Wijnaendts,01582,152344.32,,130112.14662912597
72,P.J. de Raadt van Hendrik-Ido-Ambacht,Ridderkerk,30/11/1848,10/05/1870,350170,W. Wijnaendts,01582,152344.32,203685.3823952237,130112.14662912597
73,A. Vogelsang,Ridderkerk,09/12/1848,30/06/1877,10000,W. Wijnaendts,01582,152344.32,7007.42293939852,130112.14662912597
74,jhr. E. de Wendt Alberda van Ekenstein,Zuidhorn,07/04/1869,27/11/1890,106910.94,N. Olivier,01000,,101477.76107971209,
75,H.W. Wierda,Zuidhorn,07/04/1869,07/01/1894,352349.65,N. Olivier,01000,,363741.43688391993,
76,H.W. Wierda,Zuidhorn,08/06/1869,07/01/1894,352349.65,N. Olivier,01000,,363741.43688391993,
77,J.G. Nederhoed,Appingedam,12/06/1883,09/10/1898,81750.3,D. de Ruiter Zijlker,01142,-4728.53,83421.6138196131,-4499.045031778339
78,T. Borgesius,Winschoten,18/07/1864,13/04/1888,36153.51,W.J.A. Jonckbloet,00646,,33733.695144208825,
79,mr. W. Woldringh,Winschoten,18/07/1864,24/03/1894,124707.09,W.J.A. Jonckbloet,00646,,128738.98443268589,
80,T. Borgesius,Winschoten,02/08/1864,13/04/1888,36153.51,W.J.A. Jonckbloet,00646,,33733.695144208825,
81,jhr.mr. O.Q. van Swinderen,Winschoten,01/09/1887,28/11/1870,7201,H. Goeman Borgesius,00469,237166.64,4188.646767650016,160709.0670972835
82,jhr.mr. O.Q. van Swinderen,Winschoten,01/09/1887,28/11/1870,7201,H.L. Drucker,00348,3013169.65,4188.646767650016,2041786.667203061
83,J.G. Nederhoed,Winschoten,01/09/1887,09/10/1898,81750.3,H. Goeman Borgesius,00469,237166.64,83421.6138196131,160709.0670972835
84,J.G. Nederhoed,Winschoten,01/09/1887,09/10/1898,81750.3,H.L. Drucker,00348,3013169.65,83421.6138196131,2041786.667203061
85,jhr.mr. O.Q.J.J. van Swinderen,Sneek,14/06/1864,05/11/1925,1177025,S. Wybenga,01572,,704655.1543738588,
86,J. Wolbers,Sneek,10/06/1873,22/09/1889,113321.95,W.H. Idzerda,00625,,107504.22018268096,
87,J. Wolbers,Sneek,10/06/1873,22/09/1889,113321.95,S. Wybenga,01572,,107504.22018268096,
88,J. Binkes,Sneek,08/06/1875,29/03/1891,52747.98,A. Moens,00931,1750.0,50023.60846342846,1738.58956775
89,mr. W. baron van Heemstra,Sneek,14/06/1881,27/10/1909,-594.66,W.H. Idzerda,00625,,-550.8930242606014,
90,mr. W. baron van Heemstra,Sneek,14/06/1881,27/10/1909,-594.66,S. Wybenga,01572,,-550.8930242606014,
91,K. Kater,Sneek,01/09/1887,26/10/1916,574.25,A. Buma,00239,,426.6296972297292,
92,K. Kater,Sneek,01/09/1887,26/10/1916,574.25,B.H. Heldt,00553,942.0,426.6296972297292,818.1270002310321
93,mr. B.J. Gratama,Dokkum,08/06/1875,26/06/1886,137220.48,W.A. Bergsma,00102,63082.0,125303.31922774142,56492.79956677377
94,mr. B.J. Gratama,Dokkum,14/06/1881,26/06/1886,137220.48,I.F. van Humalda van Eysinga,00618,724670.74,125303.31922774142,665584.325149575
95,mr. J.C. Bijsterbos,Zwolle,08/06/1852,13/10/1898,44527.82,G. Groen van Prinsterer,00485,,45438.1525727642,
96,S.A. van Hoogstraten,Almelo,13/06/1854,24/10/1875,15000,M.J. de Man,00872,,7754.464276889159,
97,mr. E.J.I. van Sonsbeeck,Almelo,06/05/1884,28/12/1890,6491.81,A. van Laer,00776,163189.74,6161.89834412536,158854.84122271778
98,mr. E.J.I. van Sonsbeeck,Almelo,20/05/1884,28/12/1890,6491.81,A. van Laer,00776,163189.74,6161.89834412536,158854.84122271778
99,A.H. Jannink,Almelo,15/06/1886,28/07/1906,231030.19,J. van Alphen,00019,169915.83,210943.77640935872,157729.69048588333
100,A.H. Jannink,Almelo,15/06/1886,28/07/1906,231030.19,J.R. Corver Hooft,00273,715203.6,210943.77640935872,678486.4299444731
101,mr. J.F. Pringle,Arnhem,14/06/1864,03/01/1868,0,W. van Lynden,00855,,0.0,
102,jhr. B. van Merlen,Tiel,08/06/1858,19/12/1890,24020.65,J.M. de Kempenaer,00681,,22799.928442116274,
103,S.A. van Hoogstraten,Amersfoort,10/06/1856,24/10/1875,15000,A.W. Engelen,00382,30833.01,7754.464276889159,29266.08654033323
104,mr. H. Verloren van Themaat,Amersfoort,10/06/1862,22/02/1885,1365214.39,H.A.M. van Asch van Wijck,04207,,1199604.1057053434,
105,mr. H. Verloren van Themaat,Amersfoort,24/06/1862,22/02/1885,1365214.39,H.A.M. van Asch van Wijck,04207,,1199604.1057053434,
106,jhr.mr. J.L.B. de Muralt,Utrecht,08/06/1858,28/08/1889,392538.55,N.P.J. Kien,00697,,372386.3797736477,
107,mr. H. Verloren van Themaat,Utrecht,13/11/1866,22/02/1885,1365214.39,N.P.J. Kien,00697,,1199604.1057053434,
108,G. van Leeuwen,Alkmaar,30/11/1848,12/03/1872,20000,S.A. de Moraaz,00943,,12355.953889763261,
109,C. Bloem,Hoorn,13/10/1874,11/03/1875,1500,I.D. Fransen van de Putte,00421,,775.446427688916,
110,C. Bloem,Hoorn,27/10/1874,11/03/1875,1500,I.D. Fransen van de Putte,00421,,775.446427688916,
111,J.D. van Herwerden,Alkmaar,12/06/1866,09/09/1879,101860.72,N. Olivier,01000,,75296.6509869544,
112,H.G. Jansen,Haarlem,30/10/1866,01/07/1910,42292.42,G.L.J. van der Hucht,00614,,38938.79655057655,
113,H.G. Jansen,Haarlem,30/10/1866,01/07/1910,42292.42,J.H. Geertsema,00437,59189.94,38938.79655057655,51401.32276152862
114,H.G. Jansen,Haarlem,13/11/1866,01/07/1910,42292.42,J.H. Geertsema,00437,59189.94,38938.79655057655,51401.32276152862
115,H.G. Jansen,Haarlem,13/11/1866,01/07/1910,42292.42,G.L.J. van der Hucht,00614,,38938.79655057655,
116,jhr. J.P. Cornets de Groot van Kraayenburg,Amsterdam,17/05/1853,23/07/1878,23708.04,M.H. Godefroi,00464,,16319.594767325896,
117,jhr. J.P. Cornets de Groot van Kraayenburg,Amsterdam,17/05/1853,23/07/1878,23708.04,S.R. van Franck,00419,,16319.594767325896,
118,jhr. J.P. Cornets de Groot van Kraayenburg,Amsterdam,17/05/1853,23/07/1878,23708.04,H. Stolte,01312,,16319.594767325896,
119,jhr. J.P. Cornets de Groot van Kraayenburg,Amsterdam,17/05/1853,23/07/1878,23708.04,J. Bosscha,00183,,16319.594767325896,
120,jhr. J.P. Cornets de Groot van Kraayenburg,Amsterdam,17/05/1853,23/07/1878,23708.04,J.C. Baud,00067,,16319.594767325896,
121,jhr. J.P. Cornets de Groot van Kraayenburg,Amsterdam,13/06/1854,23/07/1878,23708.04,S.R. van Franck,00419,,16319.594767325896,
122,jhr. J.P. Cornets de Groot van Kraayenburg,Amsterdam,13/06/1854,23/07/1878,23708.04,J. Bosscha,00183,,16319.594767325896,
123,jhr. J.P. Cornets de Groot van Kraayenburg,Amsterdam,13/06/1854,23/07/1878,23708.04,J.C. Baud,00067,,16319.594767325896,
124,dr. A. Vrolik,Amsterdam,20/03/1860,08/06/1894,477922.42,J.G. Rijnders,01100,,493374.0895438388,
125,J.D. van Herwerden,Amsterdam,10/06/1862,09/09/1879,101860.72,G.C.J. van Reenen,01092,587570.13,75296.6509869544,593377.5088815925
126,J.D. van Herwerden,Amsterdam,10/06/1862,09/09/1879,101860.72,M.H. Godefroi,00464,,75296.6509869544,
127,J.D. van Herwerden,Amsterdam,10/06/1862,09/09/1879,101860.72,J. Heemskerk Bzn.,00538,1948.0,75296.6509869544,1430.3669240207687
128,mr. J. Wertheim,Amsterdam,22/01/1868,14/04/1886,-3564.84,G.C.J. van Reenen,01092,587570.13,-3255.2450225784205,593377.5088815925
129,mr. J. Wertheim,Amsterdam,22/01/1868,14/04/1886,-3564.84,H.A. Insinger,00628,,-3255.2450225784205,
130,mr. J. Wertheim,Amsterdam,22/01/1868,14/04/1886,-3564.84,J.J. Rochussen,01116,,-3255.2450225784205,
131,mr. J. Wertheim,Amsterdam,22/01/1868,14/04/1886,-3564.84,M.J. Pijnappel,01068,1927298.96,-3255.2450225784205,1759734.1754003214
132,mr. J. Wertheim,Amsterdam,22/01/1868,14/04/1886,-3564.84,M.H. Godefroi,00464,,-3255.2450225784205,
133,mr. J. Wertheim,Amsterdam,22/01/1868,14/04/1886,-3564.84,P.P. van Bosse,00184,178984.54,-3255.2450225784205,132307.49243123925
134,dr. J. Bosscha jr.,Amsterdam,12/10/1869,15/04/1911,214544.64,E.H. s' Jacob,00631,665450.23,199157.78101784436,593310.2608317393
135,mr. M.J. van Lennep,Amsterdam,26/02/1878,20/01/1913,409734.41,G. van Tienhoven,01365,381103.35,373443.5253280076,330988.25956846826
136,mr. J.H. van der Sande,Leiden,27/08/1850,16/11/1868,1000,D.T. Gevers van Endegeest,00456,1026960.73,592.5900646729309,719634.8177263449
137,mr. J.H. van der Sande,Leiden,27/08/1850,16/11/1868,1000,P.H. van Taets van Amerongen,01337,,592.5900646729309,
138,dr. P. Bleeker,Leiden,10/06/1862,24/01/1878,0,P.H. van Taets van Amerongen,01337,,0.0,
139,jhr.mr. H. van Alphen,Leiden,30/10/1866,16/06/1876,0,O. van Wassenaer van Catwijck,01509,465286.54,0.0,442366.0208737353
140,jhr.mr. H. van Alphen,Leiden,30/10/1866,16/06/1876,0,P.H. van Taets van Amerongen,01337,,0.0,
141,jhr.mr. H. van Alphen,Leiden,22/01/1868,16/06/1876,0,O. van Wassenaer van Catwijck,01509,465286.54,0.0,442366.0208737353
142,jhr.mr. H. van Alphen,Leiden,22/01/1868,16/06/1876,0,P.H. van Taets van Amerongen,01337,,0.0,
143,W.J.F. Nuyens,Leiden,18/03/1873,08/12/1894,1162.52,H.A. Neeb,00974,,1200.1053362939188,
144,dr. J. Bosscha jr.,Gouda,08/06/1869,15/04/1911,214544.64,W.M. de Brauw,00201,,199157.78101784436,
145,mr. J. Fortuijn Droogleever,Gouda,15/06/1886,16/12/1897,42472.22,K.A. Godin de Beaufort,00465,,43777.73918898917,
146,mr. J. Fortuijn Droogleever,Gouda,15/06/1886,16/12/1897,42472.22,U.H. Huber,00612,192459.58,43777.73918898917,130414.62979673278
147,mr. J. Fortuijn Droogleever,Gouda,01/09/1887,16/12/1897,42472.22,K.A. Godin de Beaufort,00465,,43777.73918898917,
148,mr. J. Fortuijn Droogleever,Gouda,01/09/1887,16/12/1897,42472.22,U.H. Huber,00612,192459.58,43777.73918898917,130414.62979673278
149,mr. R.J.C. Metelerkamp,Delft,08/06/1869,30/01/1872,12880.46,J.L. Nierstrasz,00968,10900.76,7957.518491947004,7503.614210870044
150,mr. A.E.J. Modderman,Delft,12/06/1883,07/08/1885,271386.1,A.H.M. van Berckel,00089,41260.15,238465.02217967456,35834.440285119344
151,mr. A.E.J. Modderman,Delft,26/06/1883,07/08/1885,271386.1,A.H.M. van Berckel,00089,41260.15,238465.02217967456,35834.440285119344
152,mr. D.C.A. graaf van Hogendorp,Rotterdam,22/01/1868,12/09/1891,112653.58,I.D. Fransen van de Putte,00421,,106835.15421677788,
153,mr. D.C.A. graaf van Hogendorp,Rotterdam,22/01/1868,12/09/1891,112653.58,W.A. Viruly Verbrugge,01437,564769.07,106835.15421677788,490452.89204209956
154,mr. D.C.A. graaf van Hogendorp,Rotterdam,22/01/1868,12/09/1891,112653.58,F.W.C. Blom,00130,149670.0,106835.15421677788,104880.09913397765
155,M.L. van Deventer,Rotterdam,24/08/1880,22/01/1892,417.56,O. van Rees,01093,454809.63,397.2949824722193,432736.81382087973
156,M.L. van Deventer,Rotterdam,07/09/1880,22/01/1892,417.56,O. van Rees,01093,454809.63,397.2949824722193,432736.81382087973
157,G.P. Ittmann,Rotterdam,14/06/1881,03/05/1911,389389.18,J. van Gennep,00444,19484.52,361462.7009146347,18087.115890650115
158,M.L. van Deventer,Rotterdam,12/02/1884,22/01/1892,417.56,H.C. Verniers van der Loeff,01424,234413.34,397.2949824722193,222306.16487616271
159,R.F. baron van Raders,Den Haag,23/05/1854,14/11/1868,10000,I.P. Delprat,00301,264187.29,5925.900646729309,193986.01712663384
160,jhr.mr. J.K.J. de Jonge,Den Haag,10/06/1873,15/03/1880,335043.96,R.J. graaf van Schimmelpenninck,01202,52516.85,246014.2702653683,53035.91186180322
161,jhr. G.J.G. Klerck,Den Haag,12/06/1883,17/01/1884,221790.82,W. Wintgens,01557,628560.775,189424.06052837468,656293.619577483
162,A. Vogelsang,Dordrecht,27/08/1850,30/06/1877,10000,J.S. Lotsy,00844,,7007.42293939852,
163,A. Vogelsang,Dordrecht,27/08/1850,30/06/1877,10000,P. Blussé van Oud-Alblas,00138,256112.74,7007.42293939852,243496.3489140897
164,A. Vogelsang,Dordrecht,22/06/1852,30/06/1877,10000,G.A. de Raadt,01074,685978.4,7007.42293939852,497222.7002894377
165,A. Vogelsang,Dordrecht,10/06/1856,30/06/1877,10000,J.D. van der Poel,01041,,7007.42293939852,
166,G.A. Loeff,Dordrecht,22/04/1879,14/02/1919,239838.59,J.B. van Osenbruggen,01006,,126404.16069752349,
167,G.A. Loeff,Dordrecht,06/05/1879,14/02/1919,239838.59,J.B. van Osenbruggen,01006,,126404.16069752349,
168,I. Esser,Dordrecht,14/06/1881,11/10/1885,8512.66,G.M. van der Linden,00828,276159.77,7480.013367331741,257675.93498597582
169,jhr. B. van Merlen,Gorinchem,25/01/1859,19/12/1890,24020.65,G. Groen van Prinsterer,00485,,22799.928442116274,
170,jhr. G.J.G. Klerck,Gorinchem,10/06/1879,17/01/1884,221790.82,L.W.C. Keuchenius,00691,-8049.76,189424.06052837468,-8129.321577144653
171,J. Wolbers,Middelburg,12/06/1877,22/09/1889,113321.95,D. van Eck,00368,236765.67,107504.22018268096,247212.05130241846
172,mr. W.A. van Hoek,Goes,10/06/1879,24/01/1903,6699.65,A.F. de Savornin Lohman,01177,141708.44,6521.683513913198,84837.26570317429
173,mr. W.A. van Hoek,Goes,24/06/1879,24/01/1903,6699.65,A.F. de Savornin Lohman,01177,141708.44,6521.683513913198,84837.26570317429
174,A. Wiersinga,Steenwijk,10/04/1894,16/08/1899,7620.5,G.J.T. Beelaerts van Blokland,00076,286116.44,7570.8124577365,294911.14163568727
175,B. Berends,Meppel,09/06/1891,14/10/1918,85138.85,H. Smeenge,01269,,54123.29337139975,
176,mr. R.E. Hattink,Enschede,10/04/1894,23/01/1909,123276.72,A.F. Vos de Wael,01483,212190.04,114203.5534620243,192185.88991773693
177,mr. R.E. Hattink,Enschede,24/04/1894,23/01/1909,123276.72,A.F. Vos de Wael,01483,212190.04,114203.5534620243,192185.88991773693
178,jhr.mr. J.G. ridder van Rappard,Lochem,06/03/1888,06/10/1913,550000,A. van Schimmelpenninck van der Oye,01205,,501285.549657409,
179,jhr.mr. J.G. ridder van Rappard,Lochem,30/10/1888,06/10/1913,550000,C.M. Brantsen,00197,690374.0,501285.549657409,639562.4739025468
180,mr. J.F. Bijleveld,Arnhem,10/04/1894,01/03/1905,324737.86,P. Rink,01113,220457.0,295200.78678369115,144618.61899032828
181,jhr.mr. J.G. ridder van Rappard,Elst,06/03/1888,06/10/1913,550000,B.M. Bahlmann,00057,,501285.549657409,
182,A.D. Sipman,Elst,09/06/1891,19/03/1896,13922.27,G.W. van Dedem,00294,80230.25,14916.717850026052,74476.24214945153
183,E.D. de Meester,Elst,10/04/1894,18/07/1920,91573.89,W.H.J.T. van Basten van Batenburg,00065,,44815.607386370604,
184,E.D. de Meester,Elst,12/06/1894,18/07/1920,91573.89,W.H.J.T. van Basten van Batenburg,00065,,44815.607386370604,
185,E.D. de Meester,Elst,26/06/1894,18/07/1920,91573.89,W.H.J.T. van Basten van Batenburg,00065,,44815.607386370604,
186,jhr.mr. G.W. Mollerus,Apeldoorn,10/04/1894,13/11/1919,101398.46,W.K.F.P. graaf van Bylandt,00245,,53440.888025239845,
187,jhr.mr. G.W. Mollerus,Apeldoorn,24/04/1894,13/11/1919,101398.46,W.K.F.P. graaf van Bylandt,00245,,53440.888025239845,
188,A.N.J. Fabius,Hilversum,26/01/1897,18/07/1921,-1000,J.H.J. Quarles van Ufford,01070,196416.19,-450.098537454525,133095.71134331028
189,D.C. Loman,Den Helder,06/03/1888,13/02/1903,27504.35,S.T. Land,00781,-14905.35,26773.736830416285,-15387.2536165645
190,J.J. Kraakman,Den Helder,30/10/1894,15/05/1895,9906.75,A.P. Staalman,01293,,10343.847523334924,
191,H. van Calcar,Den Helder,30/10/1894,18/11/1915,30482.17,A.P. Staalman,01293,,26473.764652475962,
192,J.J. Stooker,Den Helder,30/10/1894,21/05/1915,105489.13,A.P. Staalman,01293,,91617.30943087194,
193,J.J. Kraakman,Den Helder,13/11/1894,15/05/1895,9906.75,A.P. Staalman,01293,,10343.847523334924,
194,dr. J.A.J. van Nederhasselt,Amsterdam,06/03/1888,11/03/1905,355024.25,J.T. Cremer,00279,,322732.4277104304,
195,dr. J.A.J. van Nederhasselt,Amsterdam,06/03/1888,11/03/1905,355024.25,J.G. Gleichman,00462,663355.45,322732.4277104304,605681.4640750177
196,dr. J.A.J. van Nederhasselt,Amsterdam,06/03/1888,11/03/1905,355024.25,A. Gildemeester,00458,104918.0,322732.4277104304,93958.84000105847
197,dr. J.A.J. van Nederhasselt,Amsterdam,06/03/1888,11/03/1905,355024.25,A. Kerdijk,00682,,322732.4277104304,
198,dr. J.A.J. van Nederhasselt,Amsterdam,06/03/1888,11/03/1905,355024.25,J.P.R. Tak van Poortvliet,01339,1515387.13,322732.4277104304,1368528.3605292214
199,dr. J.A.J. van Nederhasselt,Amsterdam,06/03/1888,11/03/1905,355024.25,A.F.K. Hartogh,00525,299479.575,322732.4277104304,268197.577832307
200,dr. J.A.J. van Nederhasselt,Amsterdam,06/03/1888,11/03/1905,355024.25,B.H. Heldt,00553,942.0,322732.4277104304,818.1270002310321
201,dr. J.A.J. van Nederhasselt,Amsterdam,06/03/1888,11/03/1905,355024.25,J.W.H. Rutgers van Rozenburg,01148,932582.27,322732.4277104304,844663.3662986878
202,dr. J.A.J. van Nederhasselt,Amsterdam,06/03/1888,11/03/1905,355024.25,J.D. Veegens,01391,46534.3,322732.4277104304,42844.31206167665
203,E.J.J. Kuinders,Amsterdam,10/04/1894,21/01/1916,0,B.H. Heldt,00553,942.0,0.0,818.1270002310321
204,E.J.J. Kuinders,Amsterdam,10/04/1894,21/01/1916,0,A.F.K. Hartogh,00525,299479.575,0.0,268197.577832307
205,E.J.J. Kuinders,Amsterdam,10/04/1894,21/01/1916,0,A. Kerdijk,00682,,0.0,
206,E.J.J. Kuinders,Amsterdam,10/04/1894,21/01/1916,0,J.P.R. Tak van Poortvliet,01339,1515387.13,0.0,1368528.3605292214
207,E.J.J. Kuinders,Amsterdam,10/04/1894,21/01/1916,0,J.T. Cremer,00279,,0.0,
208,E.J.J. Kuinders,Amsterdam,10/04/1894,21/01/1916,0,W.K.M. Vrolik,01491,75097.99,0.0,67820.11480705916
209,E.J.J. Kuinders,Amsterdam,10/04/1894,21/01/1916,0,M.W.F. Treub,01375,70949.45,0.0,46542.461708945135
210,E.J.J. Kuinders,Amsterdam,10/04/1894,21/01/1916,0,J.G. Gleichman,00462,663355.45,0.0,605681.4640750177
211,E.J.J. Kuinders,Amsterdam,10/04/1894,21/01/1916,0,J.W.H. Rutgers van Rozenburg,01148,932582.27,0.0,844663.3662986878
212,jhr. J.B. van Merlen,Haarlemmermeer,09/06/1891,23/02/1909,20718.66,F.J.M.A. Reekers,01091,234556.0,19193.766633079664,120529.53179612223
213,jhr. J.B. van Merlen,Haarlemmermeer,23/06/1891,23/02/1909,20718.66,F.J.M.A. Reekers,01091,234556.0,19193.766633079664,120529.53179612223
214,mr. J. Fortuijn Droogleever,Gouda,15/05/1888,16/12/1897,42472.22,O.J.E. van Wassenaer van Catwijck,01510,865244.75,43777.73918898917,642819.5123363473
215,S.A. Maas,Schiedam,10/04/1894,07/04/1898,516592.11,O.J.H. graaf van Limburg Stirum,00825,659357.58,527153.3866258484,563135.075400157
216,S.A. Maas,Schiedam,24/04/1894,07/04/1898,516592.11,O.J.H. graaf van Limburg Stirum,00825,659357.58,527153.3866258484,563135.075400157
217,P.C. Evers,Den Haag,06/03/1888,06/02/1912,533694.54,R.J. graaf van Schimmelpenninck,01202,52516.85,475837.91011970217,53035.91186180322
218,P.C. Evers,Den Haag,06/03/1888,06/02/1912,533694.54,L.J.S. van Kempen,00680,787279.31,475837.91011970217,724851.1407143004
219,P.C. Evers,Den Haag,06/03/1888,06/02/1912,533694.54,L.G. Greeve,00483,-3976.6,475837.91011970217,-3772.44904432415
220,C.A. Steger,Den Haag,09/06/1891,24/05/1904,76141.68,J.F.W. Conrad,00264,46901.34,68762.65901660429,42479.730746242145
221,C.A. Steger,Den Haag,09/06/1891,24/05/1904,76141.68,J.M. Pijnacker Hordijk,01067,1673508.0,68762.65901660429,1063859.3831533366
222,C.A. Steger,Den Haag,09/06/1891,24/05/1904,76141.68,H.D. Guyot,00498,157637.66,68762.65901660429,140548.51430662972
223,mr. A.J.W. van Roijen,Den Haag,11/05/1894,28/03/1897,79719.55,J.G.S. Bevers,00108,-4366.5,82169.98471385724,-4045.1256019135576
224,J.J. van Tienhoven van den Boogaard,Gorinchem,06/03/1888,09/07/1897,455960.26,H. Seret,01238,4436.6,469975.6533287804,3955.638129700691
225,W.F. Tak,Gorinchem,09/06/1891,06/12/1910,15660.35,H. Seret,01238,4436.6,14418.5455114846,3955.638129700691
226,J.A. van Haaften,Sliedrecht,24/04/1894,08/04/1897,219524.43,A. Kuyper,00766,196020.0,226272.21374704476,95930.78725689568
227,A.D. de Marez Oyens,Amsterdam II,15/06/1897,19/07/1924,2874672.52,H.F. Groen van Waarder,00486,712206.54,1720993.8687410122,643185.3809820791
228,H.C. van der Houven van Oordt,Apeldoorn,15/06/1897,15/04/1901,10000,W.K.F.P. graaf van Bylandt,00245,,8955.45473618049,
229,J. Bouwes,Appingedam,15/06/1897,20/02/1906,89187.51,J. Schepel,01191,20128.53,81433.29738830861,18647.070200821046
230,H.A. Pauwen,Doetinchem,15/06/1897,17/05/1918,266114.47,H.F. Hesselink van Suchtelen,00568,,169170.61400505828,
231,H.A. Pauwen,Doetinchem,25/06/1897,17/05/1918,266114.47,H.F. Hesselink van Suchtelen,00568,,169170.61400505828,
232,Z. Middelkoop,Franeker,15/06/1897,07/04/1913,146850.29,F. Lieftinck,00815,140421.18,133843.50607272712,95152.32344017574
233,L. Modoo,Haarlem,11/05/1900,06/10/1893,1134.47,T.A.J. van Asch van Wijck,01573,584226.8,1145.6827842846612,527608.3773928009
234,A. Wiersinga,Hoogezand,15/06/1897,16/08/1899,7620.5,J.D. Veegens,01391,46534.3,7570.8124577365,42844.31206167665
235,A. Wiersinga,Winschoten,15/06/1897,16/08/1899,7620.5,D. Bos,00175,40350.64,7570.8124577365,29977.85167823387
236,J. Deen,Amsterdam V,14/06/1901,23/12/1915,221271.58,T.M. Ketelaar,00689,-608.38,192174.36728426837,-468.93550060803256
237,J. Deen,Amsterdam V,27/06/1901,23/12/1915,221271.58,T.M. Ketelaar,00689,-608.38,192174.36728426837,-468.93550060803256
238,C.S. Jaring,Den Helder,14/06/1901,15/11/1908,2062.01,A.P. Staalman,01293,,1790.6766174708007,
239,mr. H.J. Doude van Troostwijk,Breukelen,14/06/1901,11/02/1925,225833.34,F.J.A.M. Wierdels,01118,583211.25,135200.7196622537,506518.9707680366
240,mr. F.O. van der Dussen,Kampen,14/06/1901,04/02/1925,510914.83,Æ. van Mackay 2,00861,,305871.8110537532,
241,F.H. Boels,Veendam,30/07/1901,11/12/1919,2083.92,P.J. Troelstra,01376,9204.94,1098.3059838735007,5676.088164660174
242,mr. G.A.P.M. van der Aa,Amsterdam V,16/06/1905,20/07/1916,7828.18,T.M. Ketelaar,00689,-608.38,5815.819004370608,-468.93550060803256
243,J.G. van Kuykhof,Amsterdam IX,16/06/1905,25/06/1921,1067.52,C.T. van Deventer,00303,690315.01,480.48919070345454,599538.5863543046
244,J.G. van Kuykhof,Amsterdam V,11/06/1909,25/06/1921,1067.52,T.M. Ketelaar,00689,-608.38,480.48919070345454,-468.93550060803256
245,B. Berends,Meppel,11/06/1909,14/10/1918,85138.85,H. Smeenge,01269,,54123.29337139975,
246,F.C.J. Netscher,Enkhuizen,17/06/1913,19/11/1923,253.33,N. Oosterbaan,01003,5477.0,147.3699468225339,3711.3295549990576
247,mr. P.W.A. Grevelink,Assen,30/11/1848,17/04/1896,10229.13,J.T. Homan,00872,,10959.7821376282,
248,mr. J. Tonckens,Assen,30/11/1848,29/04/1857,,J.T. Homan,00872,,,
249,mr. C. Hiddingh,Assen,30/11/1848,04/09/1871,,J.T. Homan,00872,,,
250,jhr.mr. H.J.L. van der Wijck,Assen,30/11/1848,23/10/1860,260213.56,J.T. Homan,00872,,156571.6204542965,
251,A. van der Vlies,Hoogeveen,26/12/1848,12/04/1873,,G. de Serière,01257,540471.855,,396854.756034984
252,R.J.N. Walter,Grave,30/11/1848,17/04/1877,,J.B.J. Hengst,00561,413418.965,,393354.92013928073
253,C.J. de Bordes,Sneek,13/06/1871,27/04/1917,3138.75,A. Moens,00931,1750.0,2126.882534371607,1738.58956775
254,A. Brummelkamp sr.,Dokkum,12/06/1877,02-06-1888,23507.11,B.P. van Harinxma thoe Slooten,00520,1415907.0,21933.739834980966,823677.1771825426
255,mr. A. de Pinto,Zwolle,27/08/1850,26/05/1878,1178.0,B.W.A.E. van Sloet tot Oldhuis,01260,240349.575,810.8845200155688,205274.46736870866
256,mr. A. de Pinto,Zwolle,27/08/1850,26/05/1878,1178.0,A.J. Duymaer van Twist,00353,279721.15,810.8845200155688,265941.78305636195
257,mr. W.G. Hovy,Zwolle,09/04/1861,28/07/1886,420498.12,J.P.J.A. graaf van Zuylen van Nijevelt,01602,564527.69,383979.2002259802,535838.577873338
258,mr. W.G. Hovy,Zwolle,10/06/1862,28/07/1886,420498.12,G.A. de Meester,00891,,383979.2002259802,
259,mr. C.P. Henny,Arnhem,02/05/1865,06/07/1897,261152.34,J.P.J.A. graaf van Zuylen van Nijevelt,01602,564527.69,269179.69037441944,535838.577873338
260,mr. A. Schouten,Nijmegen,10/06/1862,28/03/1876,,J.A.C.A. van Nispen van Sevenaer,00974,,,
261,mr. W.R. baron van Tuyll van Serooskerke,Utrecht,30/10/1866,09/04/1888,560405.41,E. du Marchie van Voorthuysen,00878,570020.14,522896.5391771188,588449.4131791339
262,mr. W.R. baron van Tuyll van Serooskerke,Utrecht,30/10/1866,09/04/1888,560405.41,N.P.J. Kien,00697,,522896.5391771188,
263,J.D. Kruseman,Hoorn,20/04/1852,13/01/1861,,A.S. van Nierop,00963,,,
264,S. de Vries,Hoorn,20/04/1852,13/11/1916,62734.11,A.S. van Nierop,00963,,46607.28664392952,
265,H. Koomen,Hoorn,30/07/1858,16/05/1884,61619.8,F.A. van Hall,00515,,52627.39334723747,
266,H. Raat,Hoorn,14/06/1864,14/02/1899,2412.55,A.S. van Nierop,00963,,2396.81957810015,
267,mr. J. de Neufville,Hoorn,14/06/1864,22/04/1884,207507.35,A.S. van Nierop,00963,,177225.03044302118,
268,dr. C.G. von Reeken,Haarlem,10/06/1879,16/04/1907,2863.82,W. de Meyier,00917,187738.57,2630.316910614959,173921.01133027382
269,D.A. van Heemskerk Veeckens,Amsterdam,03/11/1864,08/03/1894,91379.8,J.J. Rochussen,01116,,94334.19262418801,
270,G.C.C. Pels Rijcken,Amsterdam,08/06/1869,02/05/1889,20843.97,T.J. Stieltjes,01303,0.0,19773.88087975186,0.0
271,G.C.C. Pels Rijcken,Amsterdam,08/06/1869,02/05/1889,20843.97,J. Heemskerk Bzn.,00538,1948.0,19773.88087975186,1430.3669240207687
272,G.C.C. Pels Rijcken,Amsterdam,08/06/1869,02/05/1889,20843.97,M.J. de Lange,00784,223380.55,19773.88087975186,212539.4474970895
273,A.J.H. van der Toorn,Amsterdam,10/06/1873,08/02/1883,94867.77,T.J. Stieltjes,01303,0.0,68763.69397321739,0.0
274,A.J.H. van der Toorn,Amsterdam,10/06/1873,08/02/1883,94867.77,M.J. de Lange,00784,223380.55,68763.69397321739,212539.4474970895
275,A.J.H. van der Toorn,Amsterdam,10/06/1873,08/02/1883,94867.77,J.A. Jolles,00645,28244.71,68763.69397321739,20676.44183266623
276,mr. A. Jongkindt Coninck,Leiden,18/08/1857,12/03/1870,,N. Olivier,01000,,,
277,mr. D.T. Siegenbeek,Leiden,14/06/1864,11/01/1866,,R.J. graaf van Schimmelpenninck,01202,52516.85,,53035.91186180322
278,D. Hartevelt,Leiden,28/10/1884,30/10/1896,318947.8,O. van Wassenaer van Catwijck,01509,465286.54,341729.78555124556,442366.0208737353
279,D. Hartevelt,Leiden,28/10/1884,30/10/1896,318947.8,J.H. Donner,00334,29614.65,341729.78555124556,28827.979771377537
280,mr. W. Thorbecke,Gouda,12/06/1883,04/10/1917,,K.A. Godin de Beaufort,00465,,,
281,mr. W. Thorbecke,Gouda,30/10/1883,04/10/1917,,U.H. Huber,00612,192459.58,,130414.62979673278
282,mr. A.M. de Rouville,Delft,17/05/1853,09/10/1881,,W. Wintgens,01557,628560.775,,656293.619577483
283,mr. A.M. de Rouville,Delft,17/05/1853,09/10/1881,,C. Hoekwater,00586,2077.0,,1455.4417445130725
284,J. Voorhoeve H Czn.,Rotterdam,24/08/1880,19/01/1881,,O. van Rees,01093,454809.63,,432736.81382087973
285,jhr.mr. J.K.W. Quarles van Ufford,Den Haag,14/06/1881,09/03/1902,,R.J. graaf van Schimmelpenninck,01202,52516.85,,53035.91186180322
286,mr. J.G. Kist,Dordrecht,27/12/1859,29/06/1897,,P.A. Sander,01169,,,
287,G.H. Veth,Dordrecht,22/04/1879,14/11/1907,,J.B. van Osenbruggen,01006,,,
288,C. van Andel,Gorinchem,15/06/1886,01/09/1912,,H. Seret,01238,4436.6,,3955.638129700691
289,C. van Andel,Gorinchem,15/06/1886,01/09/1912,,B.J.L. van Geer van Jutphaas,00433,237120.17,,230821.4165673274
290,mr. C.P. Lenshoek,Goes,13/06/1871,01/02/1901,,P.H. Saaymans Vader,01166,,,
291,mr. J.E. van den Broek,Zierikzee,12/02/1863,14/09/1872,,J.J. van Kerkwijk,00684,319236.01,,285890.36377138627
292,mr. D. van Weel,Zierikzee,12/02/1863,14/04/1886,,J.J. van Kerkwijk,00684,319236.01,,285890.36377138627
293,mr. P.J. Verduijn,Breda,25/02/1862,05/05/1870,,N.R.H. Guljé,00497,88957.915,,78166.68272079006
294,mr. J.J. Loke,Tilburg,17/05/1853,18/05/1880,,F.J. Jespers,00642,,,
295,mr. J.J. Loke,Tilburg,17/05/1853,18/05/1880,,C.C.A. Beens,00078,117229.005,,111454.17718904404
296,B.H.M. Hanlo,Tilburg,30/10/1866,04/03/1902,,C.C.A. Beens,00078,117229.005,,111454.17718904404
297,B.H.M. Hanlo,Tilburg,30/10/1866,04/03/1902,,J.B.A.J.M. Verheyen,01414,77284.135,,78864.14195853526
298,L.D. van Heyst,Den Bosch,27/08/1850,20/04/1866,,J.L.A. Luyben,00852,,,
299,L.D. van Heyst,Den Bosch,27/08/1850,20/04/1866,,F.G.J. van Rijckevorsel van Kessel,01466,,,
300,mr. D.R.B. baron van Lynden,Arnhem,09/06/1891,08/05/1916,,P. Rink,01113,220457.0,,144618.61899032828
301,mr. H.J.H. baron van Boetzelaer van Oosterhout,Amersfoort,27/03/1888,12/07/1924,,Æ. van Mackay 2,00861,,,
302,M.J. Chevallier,Apeldoorn,10/04/1894,23/10/1909,,W.K.F.P. graaf van Bylandt,00245,,,
303,P.C.F. Frowein,Den Helder,30/10/1894,04/08/1917,,A.P. Staalman,01293,,,
304,J.G. van den Bosch,Den Helder,30/10/1894,20/02/1920,,A.P. Staalman,01293,,,
305,J.C. van Schermbeek,Amsterdam,06/03/1888,18/12/1902,,J.T. Cremer,00279,,,
306,J.C. van Schermbeek,Amsterdam,06/03/1888,18/12/1902,,J.G. Gleichman,00462,663355.45,,605681.4640750177
307,J.C. van Schermbeek,Amsterdam,06/03/1888,18/12/1902,,A. Gildemeester,00458,104918.0,,93958.84000105847
308,J.C. van Schermbeek,Amsterdam,06/03/1888,18/12/1902,,A. Kerdijk,00682,,,
309,J.C. van Schermbeek,Amsterdam,06/03/1888,18/12/1902,,J.P.R. Tak van Poortvliet,01339,1515387.13,,1368528.3605292214
310,J.C. van Schermbeek,Amsterdam,06/03/1888,18/12/1902,,A.F.K. Hartogh,00525,299479.575,,268197.577832307
311,J.C. van Schermbeek,Amsterdam,06/03/1888,18/12/1902,,B.H. Heldt,00553,942.0,,818.1270002310321
312,J.C. van Schermbeek,Amsterdam,06/03/1888,18/12/1902,,J.W.H. Rutgers van Rozenburg,01148,932582.27,,844663.3662986878
313,J.C. van Schermbeek,Amsterdam,06/03/1888,18/12/1902,,J.D. Veegens,01391,46534.3,,42844.31206167665
314,mr. E.P.F.A. van den Bogaert,Amsterdam,10/04/1894,23/06/1927,,B.H. Heldt,00553,942.0,,818.1270002310321
315,mr. E.P.F.A. van den Bogaert,Amsterdam,10/04/1894,23/06/1927,,A.F.K. Hartogh,00525,299479.575,,268197.577832307
316,mr. E.P.F.A. van den Bogaert,Amsterdam,10/04/1894,23/06/1927,,A. Kerdijk,00682,,,
317,mr. E.P.F.A. van den Bogaert,Amsterdam,10/04/1894,23/06/1927,,J.P.R. Tak van Poortvliet,01339,1515387.13,,1368528.3605292214
318,mr. E.P.F.A. van den Bogaert,Amsterdam,10/04/1894,23/06/1927,,J.T. Cremer,00279,,,
319,mr. E.P.F.A. van den Bogaert,Amsterdam,10/04/1894,23/06/1927,,W.K.M. Vrolik,01491,75097.99,,67820.11480705916
320,mr. E.P.F.A. van den Bogaert,Amsterdam,10/04/1894,23/06/1927,,M.W.F. Treub,01375,70949.45,,46542.461708945135
321,mr. E.P.F.A. van den Bogaert,Amsterdam,10/04/1894,23/06/1927,,J.G. Gleichman,00462,663355.45,,605681.4640750177
322,mr. E.P.F.A. van den Bogaert,Amsterdam,10/04/1894,23/06/1927,,J.W.H. Rutgers van Rozenburg,01148,932582.27,,844663.3662986878
323,C.J. Huvers,Hontenisse,10/04/1894,23/08/1911,,F.J.F.M. Walter,01507,14338.53,,14338.53
