,Regio,Type,sub_election,RegioCode,RegioUitslag,Kandidaat,AantalStemmen,main_election,Electoraat,Geldig,no_of_candidates,number,voteshare,politician,seats,minvswinner,maxvswinner,margin,overleden,plaats,archiefnummer,found,opmerking,bron,,
27,Alkmaar,algemeen,1884-10-28,KD34,,W. Bos,788,1884-10-28,4034,5316,7,3,0.148231753197893,0,2,0.294958615500376,0.294958615500376,0.146726862302483,13 maart 1893,Oudorp,,ja,burgemeester oudorp,https://nl.wikipedia.org/wiki/Lijst_van_burgemeesters_van_Oudorp,http://genea.pedete.net/pancras/2489.htm,
39,Alkmaar,algemeen,1886-06-15,KD34,,C. Hartsen,1361,1886-06-15,4243,6559,4,3,0.207501143466992,0,2,0.289373380088428,0.295471870711999,0.081872236621436,,,,nee,eerste kamerlid,https://www.parlement.com/id/vg09ll1eqkyy/c_hartsen,,
40,Alkmaar,algemeen,1886-06-15,KD34,,H.W. van Marle,1321,1886-06-15,4243,6559,4,4,0.201402652843421,0,2,0.289373380088428,0.295471870711999,0.087970727245007,14 december 1927,Zeist,,,notaris,https://www.graftombe.nl/names/info/742164?utm_source=OpenArchieven&utm_medium=browser&utm_campaign=OpenData,,
67,Alkmaar,algemeen,1891-06-09,KD34,,A. Goede,1313,1891-06-09,4783,3405,3,2,0.3856093979442,0,NA,0.480469897209985,0.480469897209985,0.094860499265785,,,,,,,,
111,Alkmaar,algemeen,11/06/1909,KD34,,F.C.J. Netscher,2245,11/06/1909,10270,8867,4,3,0.253185970452239,0,NA,0.401714221269877,0.401714221269877,0.148528250817638,19 november 1923,Haarlem,,ja,"letterkundige, journalist",https://nl.wikipedia.org/wiki/Frans_Netscher,Memorie in kantoor Zaandam,
155,Alkmaar,herstemming,1888-03-20,KD34,,C. Hartsen,1901,1888-03-06,4797,4371,2,2,0.434911919469229,0,1,0.565088080530771,0.565088080530771,0.130176161061542,,,,,,,,
190,Alkmaar,herstemming,07/04/1903,KD34,,G.J. Sybrandy,2995,14/06/1901,8414,6661,2,2,0.449632187359255,0,1,0.550367812640745,0.550367812640745,0.10073562528149,9 augustus 1966,Almelo,,,,https://www.delpher.nl/nl/kranten/view?query=gerrit+jan+sybrandy+almelo+overleden&coll=ddd&identifier=KBPERS01:003297034:mpeg21:a00123&resultsidentifier=KBPERS01:003297034:mpeg21:a00123,,
243,Alkmaar,periodiek,1866-06-12,KD34,,J.D. van Herwerden,446,1866-06-12,3036,1117,2,2,0.399283795881826,0,1,0.53088630259624,0.53088630259624,0.131602506714414,9 september 1879,Den Haag,,,,https://www.genealogieonline.nl/en/stamboom-baris/I88837.php,,
333,Alkmaar,tussentijds,1870-10-25,KD34,,H.G.C.L. Janssens,914,1869-06-08,3154,2011,2,2,0.454500248632521,0,1,0.538538040775733,0.538538040775733,0.084037792143212,20 juni 1897 ,Den Haag,,,,http://www.biografischportaal.nl/persoon/67360301,,
371,Alkmaar,tussentijds,1887-10-25,KD34,,C. Hartsen,988,1887-09-01,4165,2313,2,2,0.427150886294855,0,1,0.56463467358409,0.56463467358409,0.137483787289235,,,,,,,,
408,Almelo,algemeen,1866-10-30,KD15,,G.A. Vos de Wael,656,1866-10-30,1844,2870,8,2,0.228571428571429,0,2,0.254703832752613,0.254703832752613,0.026132404181184,5 juli 1881,Raalte,,ja,,,,
421,Almelo,algemeen,1868-01-22,KD15,,G.A. Vos de Wael,781,1868-01-22,1974,3180,6,2,0.24559748427673,0,2,0.290251572327044,0.290251572327044,0.044654088050314,,,,,,,,
433,Almelo,algemeen,1884-10-28,KD15,,J.E. Stork,1018,1884-10-28,2494,4372,5,3,0.23284537968893,0,NA,0.25,0.25,0.01715462031107,18 januari 1893,Hengelo,,ja,Jurriaan Engelbert Stork,,,
444,Almelo,algemeen,1886-06-15,KD15,,A.H. Jannink,1224,1886-06-15,2786,5309,4,4,0.230551893011867,0,2,0.264644942550386,0.26577509888868,0.034093049538519,28 juli 1906,Enschede ,"Archiefnummer: 0136.4, Inventarisnummer: 182 ",nog niet,"Arnold Hermanus Jannink, fabrikant",https://www.genealogieonline.nl/genealogie-koek/I939.php,,
466,Almelo,algemeen,1891-06-09,KD15,,W.H. Dikkers,827,1891-06-09,2360,1957,3,2,0.422585590189065,0,1,0.556974961676035,0.556974961676035,0.13438937148697,29 maart 1921,Delden?,,,Willem Hendrik Dikkers,https://www.genealogieonline.nl/van-adiks-tot-zuiderhoudt/I4663.php,https://www.heemkunde-ootmarsum.nl/stamkaart/8087/,
523,Almelo,herstemming,1866-11-13,KD15,,G.A. Vos de Wael,740,1866-10-30,1844,1627,4,3,0.454824830977259,0,1,0.561770129071911,0.561770129071911,0.106945298094652,,,,,,,,
531,Almelo,herstemming,1868-02-04,KD15,,G.A. Vos de Wael,826,1868-01-22,1974,1701,2,2,0.48559670781893,0,1,0.51440329218107,0.51440329218107,0.02880658436214,,,,,,,,
545,Almelo,herstemming,1875-06-22,KD15,,S.J. baron van Pallandt,1021,1875-06-08,2281,2098,2,2,0.486653956148713,0,1,0.513346043851287,0.513346043851287,0.026692087702574,19 augustus 1890,Ommen,,ja,Samuel Johannes Baron van Pallandt,,,
566,Almelo,herstemming,1884-05-20,KD15,,E.J.I. van Sonsbeeck,1135,1883-06-12,2494,2312,2,2,0.490916955017301,0,1,0.509083044982699,0.509083044982699,0.018166089965398,28 december 1890,Zwolle,,ja,advocaat,https://www.wiewaswie.nl/nl/detail/36839773,,
575,Almelo,herstemming,1884-11-11,KD15,,J.E. Stork,1082,1884-10-28,2494,4690,4,4,0.230703624733475,0,2,0.256716417910448,0.271215351812367,0.026012793176973,,,,,,,,
636,Almelo,periodiek,1875-06-08,KD15,,S.J. baron van Pallandt,695,1875-06-08,2281,2006,4,2,0.346460618145563,0,NA,0.427716849451645,0.427716849451645,0.081256231306082,,,,,,,,
653,Almelo,periodiek,1879-06-10,KD15,,H.P. Gelderman,747,1879-06-10,2285,1773,3,2,0.421319796954315,0,1,0.506486181613085,0.506486181613085,0.08516638465877,9 maart 1888,Losser,,ja,"Hermannus Philippus Gelderman, textielondernemer",,https://www.genealogieonline.nl/genealogie-koek/I13762.php,
713,Almelo,tussentijds,1884-05-06,KD15,,E.J.I. van Sonsbeeck,913,1883-06-12,2494,2045,3,2,0.446454767726161,0,NA,0.468948655256724,0.468948655256724,0.022493887530563,,,,,,,,
728,Almelo,tussentijds,1891-07-23,KD15,,W.H. Dikkers,942,1891-06-09,2360,2175,2,2,0.433103448275862,0,1,0.564597701149425,0.564597701149425,0.131494252873563,,,,,,,,
809,Amersfoort,algemeen,1891-06-09,KD26,,W.H.J. Rooijaards,709,1891-06-09,3059,2152,3,2,0.329460966542751,0,NA,0.41868029739777,0.41868029739777,0.089219330855019,,,,,,,,
927,Amersfoort,periodiek,1862-06-10,KD26,,H. Verloren van Themaat,527,1862-06-10,2801,1264,4,2,0.416930379746835,0,NA,0.473101265822785,0.473101265822785,0.05617088607595,1966,"Stellenbosch, Zuid-Afrika",,,,,,
1090,Amsterdam I,algemeen,14/06/1901,KD28,,J.F.M. Sterck,959,14/06/1901,4771,2752,5,2,0.348473837209302,0,NA,0.458575581395349,0.458575581395349,0.110101744186047,28 augustus 1941,,,,"Johannes Franciscus Maria Sterck,historicus",http://resources.huygens.knaw.nl/bwn1880-2000/lemmata/bwn1/sterck,,
1108,Amsterdam I,algemeen,11/06/1909,KD28,,J.N. Hendrix,1400,11/06/1909,5180,3576,3,2,0.391498881431767,0,1,0.520693512304251,0.520693512304251,0.129194630872484,12 juli 1931,Aerdenhout (gem. Bloemendaal),,,eerste kamerlid,https://www.parlement.com/id/vg09ll1m4izv/j_n_hendrix,,
1152,Amsterdam II,algemeen,1897-06-15,KD29,,F.G. Mellink Pzn.,400,1897-06-15,2250,1469,6,2,0.272294077603812,0,NA,0.281824370319946,0.281824370319946,0.009530292716134,2 juli 1905,Amsterdam,,ja,"Franciscus Gerardus Mellink, hoofdonderwijzer",https://nha.courant.nu/issue/HD/1906-11-20/edition/0/page/2?query=Rijder%20Eig&sort=relevance,https://www.genealogieonline.nl/stamboom-reijkers/I548.php,
1153,Amsterdam II,algemeen,1897-06-15,KD29,,G.A. Aalderink,213,1897-06-15,2250,1469,6,3,0.14499659632403,0,NA,0.281824370319946,0.281824370319946,0.136827773995916,,,,,,,,
1181,Amsterdam II,algemeen,11/06/1909,KD29,,J. Oudegeest,926,11/06/1909,4404,2968,3,2,0.311994609164421,0,NA,0.41644204851752,0.41644204851752,0.104447439353099,10 oktober 1950,Oegstgeest,,,"Later verkozen, politicus",https://nl.wikipedia.org/wiki/Jan_Oudegeest,,
1198,Amsterdam II,algemeen,15/06/1917,KD29,,Z. Kamerling,639,15/06/1917,5731,1804,3,2,0.354212860310421,0,NA,0.490576496674058,0.490576496674058,0.136363636363637,1932,,,,,,,
1206,Amsterdam II,herstemming,1897-06-25,KD29,,F.G. Mellink Pzn.,765,1897-06-15,2250,1619,2,2,0.472513897467573,0,1,0.527486102532427,0.527486102532427,0.054972205064854,,,,,,http://resources.huygens.knaw.nl/repertoriumkleinepolitiekepartijen/PersoonDetail?Id=234,,
1227,Amsterdam II,herstemming,23/06/1909,KD29,,J. Oudegeest,1554,11/06/1909,4404,3309,2,2,0.469628286491387,0,1,0.530371713508613,0.530371713508613,0.060743427017226,,,,,,,,
1264,Amsterdam III,algemeen,1897-06-15,KD30,,W. Hovy,679,1897-06-15,4566,2794,5,2,0.24302075876879,0,NA,0.363278453829635,0.363278453829635,0.120257695060845,,,,,,,,
1361,Amsterdam III,herstemming,11/11/1913,KD30,,J. Oudegeest,6082,17/06/1913,16516,12797,2,2,0.475267640853325,0,1,0.524732359146675,0.524732359146675,0.04946471829335,,,,,,,,
1513,Amsterdam IX,algemeen,16/06/1905,KD115,,J.G. van Kuykhof,2318,16/06/1905,12748,9559,4,3,0.242493984726436,0,NA,0.384768281200962,0.384768281200962,0.142274296474526,25 juni 1921,Amsterdam,,nog niet,"Johannes Gerardus van Kuykhof, secretaris-penningmeester van SDAP",https://socialhistory.org/bwsa/biografie/kuijkhof,,
1576,Amsterdam IX,herstemming,23/06/1909,KD115,,T. de Vries,6250,11/06/1909,18434,13792,2,2,0.453161252900232,0,1,0.546838747099768,0.546838747099768,0.093677494199536,,,,,,,,
1646,Amsterdam V,algemeen,11/06/1909,KD32,,J.G. van Kuykhof,2145,11/06/1909,12892,9091,4,3,0.235947640523595,0,NA,0.362336376636234,0.362336376636234,0.126388736112639,,,,,,,,
1655,Amsterdam V,algemeen,17/06/1913,KD32,,J. ter Haar jr.,3469,17/06/1913,16136,12796,4,3,0.271100343857455,0,NA,0.414504532666458,0.414504532666458,0.143404188809003,12 oktober 1941,Amsterdam,,,"Later verkozen, lid Eerste Kamer",https://www.parlement.com/id/vg09ll1bfly2/j_jan_ter_haar,,
1678,Amsterdam V,herstemming,27/06/1901,KD32,,J. Deen,2806,14/06/1901,7840,5745,2,2,0.488424717145344,0,1,0.511575282854656,0.511575282854656,0.023150565709312,,,,,,,,
1708,Amsterdam VI,algemeen,14/06/1901,KD112,,H.W. van Marle,1362,14/06/1901,5148,3326,4,2,0.409500901984366,0,NA,0.446782922429345,0.446782922429345,0.037282020444979,14 december 1927,Zeist,,,Militair,http://forum.stelling-amsterdam.nl/viewtopic.php?t=2552,,
1717,Amsterdam VI,algemeen,16/06/1905,KD112,,C. Ro�ll,1840,16/06/1905,5505,4391,3,2,0.4190389432931,0,1,0.539740378046003,0.539740378046003,0.120701434752903,24 maart 1907,Baarn,,,Burgemeester van Eemnes,https://nl.wikipedia.org/wiki/Cornelis_R%C3%B6ell,,
1755,Amsterdam VI,herstemming,27/06/1901,KD112,,H.W. van Marle,1556,14/06/1901,5148,3492,2,2,0.445589919816724,0,1,0.554410080183276,0.554410080183276,0.108820160366552,,,,,,,,
1762,Amsterdam VI,herstemming,23/06/1909,KD112,,H. Verkouteren,2188,11/06/1909,5857,4564,2,2,0.479404031551271,0,1,0.520595968448729,0.520595968448729,0.041191936897458,4 juni 1930,Amsterdam,,,"Politicus, Eerste Kamerlid",https://www.parlement.com/id/vg09llbvoha3/h_verkouteren,,
1786,Amsterdam VI,tussentijds,22/07/1913,KD112,,H. Verkouteren,1438,17/06/1913,6048,3844,3,2,0.374089490114464,0,NA,0.47684703433923,0.47684703433923,0.102757544224766,,,,,,,,
1878,Amsterdam VIII,algemeen,14/06/1901,KD114,,A.J.C.J.S. Bergsma,334,14/06/1901,2987,1907,5,3,0.175144205558469,0,NA,0.312532773990561,0.312532773990561,0.137388568432092,21-04-1902,Amsterdam,,,"Wethouder, directeur Imperial Continental Gas-Association",https://www.delpher.nl/nl/kranten/view?query=A.J.C.J.S.+Bergsma+overleden&coll=ddd&identifier=ddd:010991318:mpeg21:a0016&resultsidentifier=ddd:010991318:mpeg21:a0016,,
1960,Amsterdam,algemeen,1866-10-30,KD72,,H.J. Koenen,309,1866-10-30,4249,19871,18,13,0.015550299431332,0,6,0.086357002667204,0.152584167882844,0.070806703235871,,,,,,http://resources.huygens.knaw.nl/bwn1880-2000/lemmata/bwn3/koenen,,
1963,Amsterdam,algemeen,1866-10-30,KD72,,J. van Eik,299,1866-10-30,4249,19871,18,16,0.015047053495043,0,6,0.086357002667204,0.152584167882844,0.071309949172161,,,,,,,,
1964,Amsterdam,algemeen,1866-10-30,KD72,,C.F. G�lcher,277,1866-10-30,4249,19871,18,17,0.013939912435207,0,6,0.086357002667204,0.152584167882844,0.072417090231996,,,,,,,,
1965,Amsterdam,algemeen,1866-10-30,KD72,,C.P. van Eeghen,77,1866-10-30,4249,19871,18,18,0.003874993709426,0,6,0.086357002667204,0.152584167882844,0.082482008957778,,,,,,,,
1981,Amsterdam,algemeen,1868-01-22,KD72,,J. Wertheim,1193,1868-01-22,4322,17442,13,11,0.068398119481711,0,6,0.085425983258801,0.159672055956886,0.01702786377709,,,,,,,,
1997,Amsterdam,algemeen,1884-10-28,KD72,,W. Hovy,834,1884-10-28,5595,23580,18,9,0.035368956743003,0,7,0.080152671755725,0.105894826123834,0.044783715012723,,,,,,,,
2000,Amsterdam,algemeen,1884-10-28,KD72,,A.W. van Beeck Calkoen,777,1884-10-28,5595,23580,18,12,0.03295165394402,0,7,0.080152671755725,0.105894826123834,0.047201017811705,,,,,,,,
2004,Amsterdam,algemeen,1884-10-28,KD72,,H.W. van Marle,332,1884-10-28,5595,23580,18,16,0.014079728583545,0,7,0.080152671755725,0.105894826123834,0.06607294317218,,,,,,,,
2019,Amsterdam,algemeen,1886-06-15,KD72,,C. Hartsen,671,1886-06-15,6059,23069,21,8,0.029086653084226,0,7,0.099614200875634,0.102735272443539,0.070527547791408,,,,,,,,
2025,Amsterdam,algemeen,1886-06-15,KD72,,P.H. Smithuijzen,605,1886-06-15,6059,23069,21,14,0.026225670813646,0,7,0.099614200875634,0.102735272443539,0.073388530061988,,,,,,,,
2029,Amsterdam,algemeen,1886-06-15,KD72,,H.W. van Marle,299,1886-06-15,6059,23069,21,18,0.01296111665005,0,7,0.099614200875634,0.102735272443539,0.086653084225584,,,,,,,,
2030,Amsterdam,algemeen,1886-06-15,KD72,,W. Hovy,299,1886-06-15,6059,23069,21,19,0.01296111665005,0,7,0.099614200875634,0.102735272443539,0.086653084225584,,,,,,,,
2045,Amsterdam,algemeen,1887-09-01,KD72,,W. Hovy,313,1887-09-01,6001,10710,14,8,0.02922502334267,0,7,0.103921568627451,0.112231559290383,0.074696545284781,,,,,,,,
2047,Amsterdam,algemeen,1887-09-01,KD72,,H.W. van Marle,298,1887-09-01,6001,10710,14,10,0.027824463118581,0,7,0.103921568627451,0.112231559290383,0.07609710550887,,,,,,,,
2069,Amsterdam,algemeen,1888-03-06,KD72,,H. Waller,4970,1888-03-06,20887,140176,36,13,0.035455427462618,0,9,0.061786611117452,0.067579328843739,0.026331183654834,,,,,,,,
2070,Amsterdam,algemeen,1888-03-06,KD72,,E.J.J. Kuinders,4944,1888-03-06,20887,140176,36,14,0.035269946353156,0,9,0.061786611117452,0.067579328843739,0.026516664764296,,,,,,,,
2072,Amsterdam,algemeen,1888-03-06,KD72,,L.M. Povel,4777,1888-03-06,20887,140176,36,16,0.034078586919301,0,9,0.061786611117452,0.067579328843739,0.027708024198151,,,,,,,,
2073,Amsterdam,algemeen,1888-03-06,KD72,,J.F. Farensbach,4686,1888-03-06,20887,140176,36,17,0.033429403036183,0,9,0.061786611117452,0.067579328843739,0.028357208081269,,,,,,,,
2074,Amsterdam,algemeen,1888-03-06,KD72,,J.A.J. van Nederhasselt,4622,1888-03-06,20887,140176,36,18,0.032972834151353,0,9,0.061786611117452,0.067579328843739,0.0288137769661,,,,,,,,
2075,Amsterdam,algemeen,1888-03-06,KD72,,P.J. Raaymakers,3018,1888-03-06,20887,140176,36,19,0.021530076475288,0,9,0.061786611117452,0.067579328843739,0.040256534642164,,,,,,,,
2077,Amsterdam,algemeen,1888-03-06,KD72,,V. Bruinsma,2402,1888-03-06,20887,140176,36,21,0.017135600958795,0,9,0.061786611117452,0.067579328843739,0.044651010158658,,,,,,,,
2078,Amsterdam,algemeen,1888-03-06,KD72,,H.W. van Marle,2182,1888-03-06,20887,140176,36,22,0.01556614541719,0,9,0.061786611117452,0.067579328843739,0.046220465700263,,,,,,,,
2080,Amsterdam,algemeen,1888-03-06,KD72,,J.C. van Schermbeek,951,1888-03-06,20887,140176,36,24,0.006784328273028,0,9,0.061786611117452,0.067579328843739,0.055002282844424,,,,,,,,
2081,Amsterdam,algemeen,1888-03-06,KD72,,J.M. Smit,836,1888-03-06,20887,140176,36,25,0.005963931058098,0,9,0.061786611117452,0.067579328843739,0.055822680059354,,,,,,,,
2082,Amsterdam,algemeen,1888-03-06,KD72,,J.G. Sillem,605,1888-03-06,20887,140176,36,26,0.004316002739413,0,9,0.061786611117452,0.067579328843739,0.057470608378039,,,,,,,,
2083,Amsterdam,algemeen,1888-03-06,KD72,,M.J. van Lennep,581,1888-03-06,20887,140176,36,27,0.004144789407602,0,9,0.061786611117452,0.067579328843739,0.05764182170985,,,,,,,,
2084,Amsterdam,algemeen,1888-03-06,KD72,,W.A. Paap,576,1888-03-06,20887,140176,36,28,0.004109119963474,0,9,0.061786611117452,0.067579328843739,0.057677491153978,,,,,,,,
2087,Amsterdam,algemeen,1888-03-06,KD72,,W. baron van Ro�ll,545,1888-03-06,20887,140176,36,31,0.003887969409885,0,9,0.061786611117452,0.067579328843739,0.057898641707568,,,,,,,,
2088,Amsterdam,algemeen,1888-03-06,KD72,,J.A. Nieuwenhuis,488,1888-03-06,20887,140176,36,32,0.003481337746833,0,9,0.061786611117452,0.067579328843739,0.05830527337062,,,,,,,,
2089,Amsterdam,algemeen,1888-03-06,KD72,,D.R. Mansholt,424,1888-03-06,20887,140176,36,33,0.003024768862002,0,9,0.061786611117452,0.067579328843739,0.05876184225545,,,,,,,,
2090,Amsterdam,algemeen,1888-03-06,KD72,,P.H.A. Schr�der,407,1888-03-06,20887,140176,36,34,0.002903492751969,0,9,0.061786611117452,0.067579328843739,0.058883118365483,,,,,,,,
2092,Amsterdam,algemeen,1888-03-06,KD72,,J.A. Fortuyn,277,1888-03-06,20887,140176,36,36,0.001976087204657,0,9,0.061786611117452,0.067579328843739,0.059810523912795,,,,,,,,
2107,Amsterdam,algemeen,1891-06-09,KD72,,H. Tindal,2754,1891-06-09,22531,119264,42,10,0.023091628655755,0,9,0.057536222162597,0.073123490743225,0.034444593506842,,,,,,,,
2108,Amsterdam,algemeen,1891-06-09,KD72,,W. Hovy,2702,1891-06-09,22531,119264,42,11,0.022655621143011,0,9,0.057536222162597,0.073123490743225,0.034880601019587,,,,,,,,
2110,Amsterdam,algemeen,1891-06-09,KD72,,D.P.D. Fabius,2519,1891-06-09,22531,119264,42,13,0.021121210088543,0,9,0.057536222162597,0.073123490743225,0.036415012074054,,,,,,,,
2113,Amsterdam,algemeen,1891-06-09,KD72,,H. Waller,2385,1891-06-09,22531,119264,42,16,0.019997652267239,0,9,0.057536222162597,0.073123490743225,0.037538569895358,,,,,,,,
2114,Amsterdam,algemeen,1891-06-09,KD72,,W. Heineken,2385,1891-06-09,22531,119264,42,17,0.019997652267239,0,9,0.057536222162597,0.073123490743225,0.037538569895358,,,,,,,,
2115,Amsterdam,algemeen,1891-06-09,KD72,,H.P.C.W.H.J.B. van Son,2383,1891-06-09,22531,119264,42,18,0.019980882747518,0,9,0.057536222162597,0.073123490743225,0.037555339415079,,,,,,,,
2119,Amsterdam,algemeen,1891-06-09,KD72,,L. Stevens,2156,1891-06-09,22531,119264,42,22,0.01807754225919,0,9,0.057536222162597,0.073123490743225,0.039458679903408,,,,,,,,
2120,Amsterdam,algemeen,1891-06-09,KD72,,V. Bruinsma,2063,1891-06-09,22531,119264,42,23,0.017297759592165,0,9,0.057536222162597,0.073123490743225,0.040238462570432,,,,,,,,
2121,Amsterdam,algemeen,1891-06-09,KD72,,H. Muller,1870,1891-06-09,22531,119264,42,24,0.015679500939093,0,9,0.057536222162597,0.073123490743225,0.041856721223504,,,,,,,,
2123,Amsterdam,algemeen,1891-06-09,KD72,,P. Str�ter,1377,1891-06-09,22531,119264,42,26,0.011545814327878,0,9,0.057536222162597,0.073123490743225,0.04599040783472,,,,,,,,
2124,Amsterdam,algemeen,1891-06-09,KD72,,P.J. Raaymakers,1340,1891-06-09,22531,119264,42,27,0.01123557821304,0,9,0.057536222162597,0.073123490743225,0.046300643949557,,,,,,,,
2127,Amsterdam,algemeen,1891-06-09,KD72,,J.H. Fahrensbach,1233,1891-06-09,22531,119264,42,30,0.010338408907969,0,9,0.057536222162597,0.073123490743225,0.047197813254628,,,,,,,,
2131,Amsterdam,algemeen,1891-06-09,KD72,,W. Koch,1130,1891-06-09,22531,119264,42,34,0.00947477864234,0,9,0.057536222162597,0.073123490743225,0.048061443520258,,,,,,,,
2132,Amsterdam,algemeen,1891-06-09,KD72,,J. Weelink,1052,1891-06-09,22531,119264,42,35,0.008820767373222,0,9,0.057536222162597,0.073123490743225,0.048715454789375,,,,,,,,
2135,Amsterdam,algemeen,1891-06-09,KD72,,F. van der Goes,504,1891-06-09,22531,119264,42,38,0.004225918969681,0,9,0.057536222162597,0.073123490743225,0.053310303192917,,,,,,,,
2136,Amsterdam,algemeen,1891-06-09,KD72,,J.A. Fortuyn,436,1891-06-09,22531,119264,42,39,0.003655755299168,0,9,0.057536222162597,0.073123490743225,0.053880466863429,,,,,,,,
2137,Amsterdam,algemeen,1891-06-09,KD72,,A. Rot,414,1891-06-09,22531,119264,42,40,0.003471290582238,0,9,0.057536222162597,0.073123490743225,0.05406493158036,,,,,,,,
2138,Amsterdam,algemeen,1891-06-09,KD72,,A. van Emmenes,314,1891-06-09,22531,119264,42,41,0.00263281459619,0,9,0.057536222162597,0.073123490743225,0.054903407566407,,,,,,,,
2139,Amsterdam,algemeen,1891-06-09,KD72,,G. van Duivenbode,295,1891-06-09,22531,119264,42,42,0.002473504158841,0,9,0.057536222162597,0.073123490743225,0.055062718003756,,,,,,,,
2159,Amsterdam,algemeen,1894-04-10,KD72,,W. Heineken,2460,1894-04-10,23112,82016,32,15,0.029994147483418,0,9,0.064133827545845,0.074948790479906,0.034139680062427,,,,,,,,
2162,Amsterdam,algemeen,1894-04-10,KD72,,E.J.J. Kuinders,1741,1894-04-10,23112,82016,32,18,0.021227565353102,0,9,0.064133827545845,0.074948790479906,0.042906262192743,,,,,,,,
2163,Amsterdam,algemeen,1894-04-10,KD72,,K. Kater,1613,1894-04-10,23112,82016,32,19,0.019666894264534,0,9,0.064133827545845,0.074948790479906,0.044466933281311,,,,,,,,
2166,Amsterdam,algemeen,1894-04-10,KD72,,E.P.F.A. van den Bogaert,1393,1894-04-10,23112,82016,32,22,0.016984490831057,0,9,0.064133827545845,0.074948790479906,0.047149336714787,,,,,,,,
2167,Amsterdam,algemeen,1894-04-10,KD72,,H.L. Lindaal Jacobs,1301,1894-04-10,23112,82016,32,23,0.015862758486149,0,9,0.064133827545845,0.074948790479906,0.048271069059696,,,,,,,,
2168,Amsterdam,algemeen,1894-04-10,KD72,,H.W. van Marle,1174,1894-04-10,23112,82016,32,24,0.01431428014046,0,9,0.064133827545845,0.074948790479906,0.049819547405384,,,,,,,,
2170,Amsterdam,algemeen,1894-04-10,KD72,,B.J. Lindeboom,1090,1894-04-10,23112,82016,32,26,0.013290089738588,0,9,0.064133827545845,0.074948790479906,0.050843737807257,,,,,,,,
2176,Amsterdam,algemeen,1894-04-10,KD72,,T. Mackay,584,1894-04-10,23112,82016,32,32,0.007120561841592,0,9,0.064133827545845,0.074948790479906,0.057013265704253,,,,,,,,
2185,Amsterdam,herstemming,1864-06-28,KD72,,J.J.A. Santhagens,1152,1864-06-14,4441,5033,4,4,0.228889330419233,0,2,0.26445459964236,0.264653288297238,0.035565269223127,,,,,,,,
2203,Amsterdam,herstemming,1871-06-27,KD72,,J.P. de Bordes,994,1871-06-13,3959,2011,2,2,0.494281452013923,0,1,0.505718547986077,0.505718547986077,0.011437095972154,,,,,,,,
2299,Amsterdam,periodiek,1862-06-10,KD72,,J.D. van Herwerden,506,1862-06-10,4570,4222,5,4,0.119848413074372,0,3,0.178825201326386,0.325911890099479,0.058976788252014,,,,,,,,
2310,Amsterdam,periodiek,1864-06-14,KD72,,J.J.A. Santhagens,695,1864-06-14,4441,5240,8,5,0.13263358778626,0,3,0.213358778625954,0.213358778625954,0.080725190839694,,,,,,,,
2334,Amsterdam,periodiek,1869-06-08,KD72,,G.C.C. Pels Rijcken,767,1869-06-08,3964,7110,9,5,0.107876230661041,0,3,0.191279887482419,0.214345991561181,0.083403656821378,,,,,,,,
2335,Amsterdam,periodiek,1869-06-08,KD72,,H.A. Hartogh,721,1869-06-08,3964,7110,9,6,0.1014064697609,0,3,0.191279887482419,0.214345991561181,0.089873417721519,,,,,,,,
2347,Amsterdam,periodiek,1871-06-13,KD72,,J.P. de Bordes,1127,1871-06-13,3959,7223,9,4,0.156029350685311,0,3,0.168351100650699,0.17471964557663,0.012321749965388,,,,,,,,
2362,Amsterdam,periodiek,1873-06-10,KD72,,A.J.H. van der Toorn,378,1873-06-10,4019,4635,8,5,0.081553398058252,0,3,0.179935275080906,0.267745415318231,0.098381877022654,,,,,,,,
2365,Amsterdam,periodiek,1873-06-10,KD72,,W. von Wrangel auf Lindenberg,166,1873-06-10,4019,4635,8,8,0.035814455231931,0,3,0.179935275080906,0.267745415318231,0.144120819848975,,,,,,,,
2414,Amsterdam,periodiek,1881-06-14,KD72,,H.W. van Marle,640,1881-06-14,4993,8633,13,5,0.074134136453145,0,4,0.13587397196803,0.171203521371482,0.061739835514885,,,,,,,,
2419,Amsterdam,periodiek,1881-06-14,KD72,,D.P.D. Fabius,245,1881-06-14,4993,8633,13,10,0.02837947411097,0,4,0.13587397196803,0.171203521371482,0.107494497857061,,,,,,,,
2422,Amsterdam,periodiek,1881-06-14,KD72,,M.J. van Lennep,120,1881-06-14,4993,8633,13,13,0.013900150584965,0,4,0.13587397196803,0.171203521371482,0.121973821383065,,,,,,,,
2432,Amsterdam,periodiek,1883-06-12,KD72,,H.W. van Marle,611,1883-06-12,5299,5378,6,5,0.113611007809595,0,3,0.216065451840833,0.219040535515061,0.102454444031238,,,,,,,,
2559,Amsterdam,tussentijds,1883-03-27,KD72,,H.W. van Marle,569,1881-06-14,5192,1927,12,22,0.2952776336274,0,NA,0.425012973533991,0.425012973533991,0.129735339906591,,,,,,,,
2560,Amsterdam,tussentijds,1883-03-27,KD72,,H.W. van Marle,569,1881-06-14,5192,1936,12,23,0.293904958677686,0,NA,0.425012973533991,0.425012973533991,0.131108014856305,,,,,,,,
2595,Apeldoorn,algemeen,1894-04-10,KD91,,G.W. Mollerus,676,1894-04-10,2958,1938,3,2,0.348813209494324,0,NA,0.464396284829721,0.464396284829721,0.115583075335397,13 november 1919,Apeldoorn,,,,http://www.biografischwoordenboekgelderland.nl/bio/3_Jhr._Gustaaf_Willem_Mollerus,,
2603,Apeldoorn,algemeen,1897-06-15,KD91,,H.C. van der Houven van Oordt,2164,1897-06-15,6693,4859,3,2,0.445359127392468,0,1,0.505247993414283,0.505247993414283,0.059888866021815,15 april 1901,Arnhem,,,,http://www.biografischwoordenboekgelderland.nl/bio/3_Hendrik_Christiaan_van_der_Houven_van_Oordt,,
2634,Apeldoorn,algemeen,17/06/1913,KD91,,J. Esmeijer,3155,17/06/1913,10830,8493,4,2,0.371482397268339,0,NA,0.491228070175439,0.491228070175439,0.1197456729071,17 juli 1940,Apeldoorn,,,,http://www.humanitarisme.nl/personen/index.php?m=family&id=I36993,,
2657,Apeldoorn,herstemming,25/06/1913,KD91,,J. Esmeijer,5007,17/06/1913,10830,10102,2,2,0.495644426846169,0,1,0.504355573153831,0.504355573153831,0.008711146307662,,,,,,,,
2719,Appingedam,algemeen,1888-03-06,KD3,,W.H. de Savornin Lohman,1224,1888-03-06,3976,3099,3,2,0.394966118102614,0,1,0.544691836076154,0.544691836076154,0.14972571797354,,,,,,,,
2740,Appingedam,algemeen,1897-06-15,KD3,,J. Bouwes,1923,1897-06-15,6976,5583,5,2,0.344438473938743,0,NA,0.381157084005015,0.381157084005015,0.036718610066272,,,,,,,,
2758,Appingedam,algemeen,16/06/1905,KD3,,G.J. Sybrandy,2560,16/06/1905,8305,7171,3,2,0.356993445823456,0,NA,0.395760702830846,0.395760702830846,0.03876725700739,,,,,,,,
2774,Appingedam,algemeen,17/06/1913,KD3,,A. Zijlstra,2341,17/06/1913,9238,7946,4,2,0.294613642084067,0,NA,0.345708532595016,0.345708532595016,0.051094890510949,,,,,,,,
2811,Appingedam,herstemming,23/06/1909,KD3,,A. Zijlstra,3066,11/06/1909,8531,6848,2,2,0.447721962616822,0,1,0.552278037383178,0.552278037383178,0.104556074766356,,,,,,,,
2913,Appingedam,periodiek,1883-06-12,KD3,,J.G. Nederhoed,644,1883-06-12,3346,1566,3,2,0.411238825031928,0,1,0.533844189016603,0.533844189016603,0.122605363984675,,,,,,,,
2983,Arnhem,algemeen,1886-06-15,KD17,,R. baron van Melvil van Lynden,1774,1886-06-15,3891,7281,4,4,0.243647850569977,0,2,0.252163164400494,0.253261914572174,0.008515313830517,27 april 1910,Den Haag,,ja,,https://www.parlement.com/id/vg09ll3az0yw/r_melvil_baron_van_lynden,,
2999,Arnhem,algemeen,1888-03-06,KD17,,R. baron van Melvil van Lynden,1029,1888-03-06,3009,2616,3,2,0.393348623853211,0,1,0.50191131498471,0.50191131498471,0.108562691131499,,,,,,,,
3015,Arnhem,algemeen,1894-04-10,KD17,,J.F. Bijleveld,1051,1894-04-10,2786,2387,2,2,0.440301633850021,0,1,0.557184750733138,0.557184750733138,0.116883116883117,15 juni 1875,Velp,,,,,,
3056,Arnhem,algemeen,17/06/1913,KD17,,L.M. Hermans,1933,17/06/1913,9044,7949,3,3,0.243175242168826,0,NA,0.389105547867656,0.389105547867656,0.14593030569883,15 september 1943,Amsterdam,,,,https://socialhistory.org/bwsa/biografie/hermans-l,,
3121,Arnhem,herstemming,23/06/1909,KD17,,H.C. Hogerzeil,3183,11/06/1909,8069,6821,2,2,0.466647119190734,0,1,0.533352880809265,0.533352880809265,0.066705761618531,10 september 1954,Zeist,,,,https://www.graftombe.nl/Names/search/surname/Hogerzeil/submit/true,,
3309,Assen,algemeen,1866-10-30,KD5,,D.T. Notten,183,1866-10-30,2247,2773,9,6,0.065993508835197,0,NA,0.212044716913091,0.212044716913091,0.146051208077895,,,,,,,,
3674,Bergen op Zoom,herstemming,1888-03-20,KD63,,W.H.B. Wilkens,1163,1888-03-06,2860,2466,2,2,0.47161394971614,0,1,0.528386050283861,0.528386050283861,0.056772100567721,,,,,,,,
3735,Beverwijk,algemeen,1891-06-09,KD95,,W. Bos,753,1891-06-09,3640,2984,6,2,0.252345844504021,0,NA,0.260723860589812,0.260723860589812,0.008378016085791,,,,,,,,
3737,Beverwijk,algemeen,1891-06-09,KD95,,J.J.H. Kervel,618,1891-06-09,3640,2984,6,4,0.207104557640751,0,NA,0.260723860589812,0.260723860589812,0.053619302949061,,,,,,,,
3746,Beverwijk,algemeen,1894-04-10,KD95,,J. van Loenen Martinet,1043,1894-04-10,3718,2609,3,2,0.399770026830203,0,NA,0.483326945189728,0.483326945189728,0.083556918359525,,,,,,,,
3763,Beverwijk,algemeen,14/06/1901,KD95,,J. van Loenen Martinet,3814,14/06/1901,8381,7699,2,2,0.495389011559943,0,1,0.504610988440057,0.504610988440057,0.009221976880114,,,,,,,,
3812,Beverwijk,herstemming,1891-06-23,KD95,,W. Bos,1524,1891-06-09,3640,3257,2,2,0.467915259441204,0,1,0.532084740558796,0.532084740558796,0.064169481117592,,,,,,,,
3819,Beverwijk,herstemming,1893-07-04,KD95,,J. van Loenen Martinet,1277,1891-06-09,3718,2635,2,2,0.484629981024668,0,1,0.515749525616698,0.515749525616698,0.03111954459203,,,,,,,,
3826,Beverwijk,herstemming,1894-04-24,KD95,,J. van Loenen Martinet,1507,1894-04-10,3718,3018,2,2,0.499337309476474,0,1,0.500331345261763,0.500331345261763,0.000994035785289,,,,,,,,
3848,Beverwijk,tussentijds,1893-06-20,KD95,,C. Hartsen,622,1891-06-09,3718,2594,5,3,0.239784117193524,0,NA,0.269082498072475,0.269082498072475,0.029298380878951,,,,,,,,
3866,Bodegraven,algemeen,1888-03-06,KD97,,A.J.T. Hofman,874,1888-03-06,3896,3528,4,3,0.247732426303855,0,NA,0.331349206349206,0.331349206349206,0.083616780045351,,,,,,,,
3885,Bodegraven,algemeen,1894-04-10,KD97,,J.J. Duynstee,591,1894-04-10,3956,2614,4,4,0.226090283091048,0,NA,0.296480489671002,0.296480489671002,0.070390206579954,,,,,,,,
3954,Bodegraven,herstemming,1897-06-25,KD97,,J.C. von Briel Sasse,2988,1897-06-15,6787,6022,2,2,0.496180670873464,0,1,0.503819329126536,0.503819329126536,0.007638658253072,,,,,,,,
4104,Breda,algemeen,1868-01-22,KD61,,P.E.A. Janssens,786,1868-01-22,3861,5187,5,4,0.151532677848467,0,2,0.258723732407943,0.258723732407943,0.107191054559476,,,,,,,,
4309,Breda,tussentijds,1862-02-25,KD61,,D. Mulder,359,1860-06-12,3638,2042,5,3,0.175808031341822,0,NA,0.312438785504407,0.312438785504407,0.136630754162585,,,,,,,,
4310,Breda,tussentijds,1862-02-25,KD61,,J.H. van Mierlo,348,1860-06-12,3638,2042,5,4,0.170421155729677,0,NA,0.312438785504407,0.312438785504407,0.14201762977473,,,,,,,,
4439,Breukelen,herstemming,27/06/1901,KD92,,F.J.A.M. Wierdels,2357,14/06/1901,6710,5468,2,2,0.431053401609364,0,1,0.568946598390636,0.568946598390636,0.137893196781272,2 april 1935,Amsterdam,,,,https://www.delpher.nl/nl/kranten/view?identifier=MMRANM02:000033562:mpeg21:p001,,
4446,Breukelen,herstemming,05/10/1909,KD92,,J.B.L.C.C. baron van Wijkerslooth de Weerdestei,3161,11/06/1909,7764,6675,2,2,0.473558052434457,0,1,0.526441947565543,0.526441947565543,0.052883895131086,,,,,,,,
4522,Brielle,algemeen,14/06/1901,KD50,,H.C. Vegtel,1936,14/06/1901,5505,4510,3,2,0.429268292682927,0,NA,0.43880266075388,0.43880266075388,0.009534368070953,20 mei 1916 ,den haag,7258 <- fiche,nog niet,,http://www.biografischportaal.nl/persoon/13495666,,
4530,Brielle,algemeen,16/06/1905,KD50,,�. baron van Mackay Thzn.,2678,16/06/1905,7467,6632,3,2,0.403799758745476,0,1,0.524276236429433,0.524276236429433,0.120476477683957,,,,,,,,
4538,Brielle,algemeen,11/06/1909,KD50,,H.C. Vegtel,2632,11/06/1909,7687,6171,3,2,0.426511100307892,0,NA,0.494733430562308,0.494733430562308,0.068222330254416,20 mei 1916 ,den haag,,,,,,
4575,Brielle,herstemming,27/06/1901,KD50,,H.C. Vegtel,2386,14/06/1901,5505,4832,2,2,0.493791390728477,0,1,0.506208609271523,0.506208609271523,0.012417218543046,,,,,,,,
4582,Brielle,herstemming,03/02/1905,KD50,,H.C. Vegtel,2440,14/06/1901,7467,5355,2,2,0.455648926237162,0,1,0.544351073762838,0.544351073762838,0.088702147525676,,,,,,,,
4589,Brielle,herstemming,23/06/1909,KD50,,H.C. Vegtel,2927,11/06/1909,7687,6549,2,2,0.446938463887616,0,1,0.553061536112384,0.553061536112384,0.106123072224768,,,,,,,,
4642,Brielle,tussentijds,26/01/1905,KD50,,H.C. Vegtel,2255,14/06/1901,7467,5061,3,2,0.445564117763288,0,NA,0.497530132384904,0.497530132384904,0.051966014621616,,,,,,,,
4688,Delft,algemeen,1886-06-15,KD45,,A.M. Maas Geesteranus,1279,1886-06-15,3622,6398,4,4,0.199906220693967,0,2,0.284776492653954,0.306345733041575,0.084870271959987,27 Mei 1899,den haag,3879,ja,,,https://www.genealogieonline.nl/en/west-europese-adel/I223069.php,
4801,Delft,herstemming,1873-06-24,KD45,,C.J. Vaillant,986,1873-06-10,2874,2173,2,2,0.453750575241601,0,1,0.546249424758399,0.546249424758399,0.092498849516798,27 maart 1914,Schiedam,6928,ja,,,,
4808,Delft,herstemming,1875-06-22,KD45,,C.J. Vaillant,1117,1875-06-08,2995,2498,2,2,0.447157726180945,0,1,0.552842273819055,0.552842273819055,0.10568454763811,27 maart 1914,Schiedam,,,,,,
4815,Delft,herstemming,1877-06-26,KD45,,S. Gille Heringa,1060,1877-06-12,3175,2476,2,2,0.4281098546042,0,1,0.5718901453958,0.5718901453958,0.1437802907916,27 februari 1895,nijmegen,,,,,,
4829,Delft,herstemming,1883-06-26,KD45,,A.E.J. Modderman,1385,1883-06-12,3386,2853,2,2,0.485453908166842,0,1,0.514546091833158,0.514546091833158,0.029092183666316,7 augustus 1885,den haag,,ja,minister, heb ik al,,
4866,Delft,periodiek,1860-06-12,KD45,,H.G.C.L. Janssens,606,1860-06-12,2859,1404,3,2,0.431623931623932,0,NA,0.471509971509972,0.471509971509972,0.03988603988604,20 juni 1897 ,den haag,3860,ja,,,,
4913,Delft,periodiek,1873-06-10,KD45,,C.J. Vaillant,690,1873-06-10,2874,1942,3,2,0.355303810504634,0,NA,0.463439752832132,0.463439752832132,0.108135942327498,27 maart 1914,Schiedam,,,,,,
4921,Delft,periodiek,1875-06-08,KD45,,C.J. Vaillant,926,1875-06-08,2995,2541,3,2,0.364423455332546,0,NA,0.439197166469894,0.439197166469894,0.074773711137348,27 maart 1914,Schiedam,,,,,,
4929,Delft,periodiek,1877-06-12,KD45,,S. Gille Heringa,893,1877-06-12,3175,2311,4,2,0.386412808308092,0,NA,0.417135439203808,0.417135439203808,0.030722630895716,27 februari 1895,nijmegen,,,,,,
4953,Delft,periodiek,1883-06-12,KD45,,A.E.J. Modderman,918,1883-06-12,3386,2684,3,2,0.342026825633383,0,NA,0.384128166915052,0.384128166915052,0.042101341281669,7 augustus 1885,den haag,,ja,minister,,,
4990,Den Helder,algemeen,1888-03-06,KD94,,H.W. van Marle,973,1888-03-06,3627,2768,3,2,0.351517341040462,0,NA,0.38728323699422,0.38728323699422,0.035765895953758,,,,,,,,
4991,Den Helder,algemeen,1888-03-06,KD94,,D.C. Loman,705,1888-03-06,3627,2768,3,3,0.254696531791907,0,NA,0.38728323699422,0.38728323699422,0.132586705202313,13 februari 1903,den haag,,,,https://nl.wikipedia.org/wiki/Lijst_van_burgemeesters_van_Texel,,
5023,Den Helder,algemeen,14/06/1901,KD94,,C.S. Jaring,2138,14/06/1901,6816,5207,3,2,0.410601113885155,0,1,0.515267908584598,0.515267908584598,0.104666794699443,,,,,,,,
5049,Den Helder,algemeen,17/06/1913,KD94,,C. Thomassen,2171,17/06/1913,9031,7330,4,2,0.296180081855389,0,NA,0.378990450204638,0.378990450204638,0.082810368349249,,,,,,,,
5072,Den Helder,herstemming,1894-11-13,KD94,,J.J. Kraakman,1003,1894-04-10,3711,2257,2,2,0.444395214887018,0,1,0.555604785112982,0.555604785112982,0.111209570225964,,,,,,,,
5100,Den Helder,herstemming,22/05/1917,KD94,,C. Thomassen,2748,17/06/1913,9953,6089,2,2,0.451305633108885,0,1,0.548694366891115,0.548694366891115,0.09738873378223,,,,,,,,
5113,Den Helder,tussentijds,1894-10-30,KD94,,J.J. Kraakman,281,1894-04-10,3711,1948,9,2,0.144250513347023,0,NA,0.286447638603696,0.286447638603696,0.142197125256673,,,,,,,,
5134,Den Helder,tussentijds,15/05/1917,KD94,,C. Thomassen,2128,17/06/1913,9953,6385,3,2,0.333281127642913,0,NA,0.354581049334377,0.354581049334377,0.021299921691464,,,,,,,,
5156,Deventer,algemeen,1868-01-22,KD14,,W.A.A.J. baron van Schimmelpenninck van der Oye,766,1868-01-22,2719,3657,4,3,0.209461307082308,0,2,0.28848783155592,0.310090237899918,0.079026524473612,,,,,,,,
5157,Deventer,algemeen,1868-01-22,KD14,,E. baron van Lynden,665,1868-01-22,2719,3657,4,4,0.181843040743779,0,2,0.28848783155592,0.310090237899918,0.106644790812141,,,,,,,,
5436,Deventer,tussentijds,1898-02-15,KD14,,J. van Loenen Martinet,1621,1897-06-15,6697,5261,3,3,0.308116327694355,0,NA,0.351644174111386,0.351644174111386,0.043527846417031,,,,,,,,
5484,Doetinchem,algemeen,1897-06-15,KD21,,H.A. Pauwen,2380,1897-06-15,8470,7719,4,2,0.308330094571836,0,NA,0.40406788444099,0.40406788444099,0.095737789869154,,,,,,,,
5518,Doetinchem,algemeen,17/06/1913,KD21,,H.P.J. Bloemers,4366,17/06/1913,12706,12010,4,2,0.36353039134055,0,1,0.506078268109908,0.506078268109908,0.142547876769358,,,,,,,,
5541,Doetinchem,herstemming,1897-06-25,KD21,,H.A. Pauwen,3808,1897-06-15,8470,7770,2,2,0.49009009009009,0,1,0.50990990990991,0.50990990990991,0.01981981981982,,,,,,,,
5574,Dokkum,algemeen,1884-10-28,KD8,,J. de Jong,856,1884-10-28,2673,4192,5,4,0.204198473282443,0,2,0.279580152671756,0.285543893129771,0.075381679389313,,,,,,,,
5746,Dokkum,periodiek,1873-06-10,KD8,,W. Reilingh,478,1873-06-10,2542,1783,3,3,0.268087492989344,0,NA,0.373527762198542,0.373527762198542,0.105440269209198,,,,,,,,
5774,Dokkum,periodiek,1881-06-14,KD8,,B.J. Gratama,924,1881-06-14,2774,1946,2,2,0.474820143884892,0,1,0.517985611510791,0.517985611510791,0.043165467625899,,,,,,,,
5928,Dordrecht,algemeen,14/06/1901,KD42,,J.M. Rens,1804,14/06/1901,6161,4667,3,2,0.386543818298693,0,NA,0.449967859438612,0.449967859438612,0.063424041139919,27-Sep-09,arnhem,,,gem. raad dordrecht, mr. jan marius,https://www.genealogieonline.nl/en/genealogie-vriesendorp/I78910.php,
5999,Dordrecht,herstemming,1879-05-06,KD42,,G.A. Loeff,522,1877-06-12,2236,1204,2,2,0.433554817275748,0,1,0.566445182724252,0.566445182724252,0.132890365448504,,,,,,,,
6013,Dordrecht,herstemming,1888-03-20,KD42,,R. van der Borch van Verwolde,1286,1888-03-06,2864,2699,2,2,0.476472767691738,0,1,0.523527232308262,0.523527232308262,0.047054464616524,12 mei 1919?,nijmegen,,,weet niet zeker of dit hem is,https://www.delpher.nl/nl/kranten/view?query=R.+van+der+Borch+van+Verwolde+overleden&coll=ddd&identifier=MMRANM02:000020091:mpeg21:a0006&resultsidentifier=MMRANM02:000020091:mpeg21:a0006,,
6027,Dordrecht,herstemming,1897-06-25,KD42,,J.M. Rens,2166,1897-06-15,5012,4462,2,2,0.485432541461228,0,1,0.514567458538772,0.514567458538772,0.029134917077544,,,,,,,,
6034,Dordrecht,herstemming,27/06/1901,KD42,,J.M. Rens,2415,14/06/1901,6161,4980,2,2,0.484939759036145,0,1,0.515060240963855,0.515060240963855,0.03012048192771,,,,,,,,
6055,Dordrecht,herstemming,25/06/1913,KD42,,H.C. Hogerzeil,3744,17/06/1913,9867,8378,2,2,0.44688469801862,0,1,0.55311530198138,0.55311530198138,0.10623060396276,10-Sep-54,zeist,,,,,,
6138,Dordrecht,periodiek,1881-06-14,KD42,,I. Esser,622,1881-06-14,2411,1315,2,2,0.473003802281369,0,1,0.514828897338403,0.514828897338403,0.041825095057034,,,,,,,,
6175,Dordrecht,tussentijds,1879-04-22,KD42,,G.A. Loeff,314,1877-06-12,2236,1051,5,2,0.298763082778306,0,NA,0.410085632730733,0.410085632730733,0.111322549952427,,,,,,,,
6185,Dordrecht,tussentijds,1889-03-26,KD42,,J.G. van Schaardenburg,1202,1888-03-06,2864,2607,2,2,0.461066359800537,0,1,0.537782892213272,0.537782892213272,0.076716532412735,8 maart 1900,dordrecht,2963,ja,Jan Gerrit van Schaardenburg (1840-1900,,,
6304,Ede,algemeen,11/06/1909,KD90,,J.W. Rudolph,2522,11/06/1909,7688,5830,4,2,0.432590051457976,0,NA,0.471526586620926,0.471526586620926,0.03893653516295,10 mei 1914,amersfoort,,,,https://nl.wikipedia.org/wiki/Roelof_Jan_Willem_Rudolph,,
6313,Ede,algemeen,17/06/1913,KD90,,A. baron van Heeckeren van Kell,2656,17/06/1913,8788,6951,5,2,0.382103294490001,0,1,0.50784059847504,0.50784059847504,0.125737303985039,4 juni 1945,Rheden,,,,https://gemeentearchief.ede.nl/kennisbank/01-openbaar-bestuur/heeckeren-van-kell-burgemeester-mr-a-baron-van/,,
6640,Elst,algemeen,1888-03-06,KD22,,J.G. ridder van Rappard,708,1888-03-06,3094,2830,3,3,0.25017667844523,0,NA,0.390106007067138,0.390106007067138,0.139929328621908,6 oktober 1913,Oosterbeek,,,,http://www.heemkunderenkum.nl/wp-content/uploads/2014/06/0010-Tab-I-Bibliografie-Heemkunde-Deel-III-_Versie-2007.pdf,,
6648,Elst,algemeen,1891-06-09,KD22,,A.D. Sipman,883,1891-06-09,3158,2855,3,3,0.309281961471103,0,NA,0.37092819614711,0.37092819614711,0.061646234676007,,,,,,,,
6734,Elst,herstemming,1894-06-26,KD22,,E.D. de Meester,1413,1894-04-10,3007,2848,2,2,0.496137640449438,0,1,0.503862359550562,0.503862359550562,0.007724719101124,,,,,,,,
6741,Elst,tussentijds,1894-06-12,KD22,,E.D. de Meester,1057,1894-04-10,3007,2804,4,2,0.376961483594864,0,NA,0.495363766048502,0.495363766048502,0.118402282453638,,,,,,,,
6862,Enkhuizen,algemeen,1897-06-15,KD93,,H. Raat 2,2710,1897-06-15,7766,7049,5,2,0.384451695275926,0,1,0.500496524329692,0.500496524329692,0.116044829053766,,,,,,,,
6897,Enkhuizen,algemeen,17/06/1913,KD93,,F.C.J. Netscher,4701,17/06/1913,10937,10655,3,2,0.441201313937119,0,1,0.512717034256218,0.512717034256218,0.071515720319099,,,,,,,,
6905,Enkhuizen,herstemming,1897-10-26,KD93,,H. Raat 2,3060,1897-06-15,7766,6941,2,2,0.440858665898286,0,1,0.559141334101714,0.559141334101714,0.118282668203428,,,,,,,,
6912,Enkhuizen,herstemming,28/06/1905,KD93,,N. Sluis,4714,16/06/1905,9717,9531,2,2,0.494596579582415,0,1,0.505403420417585,0.505403420417585,0.01080684083517,,,,,,,,
6950,Enschede,algemeen,1891-06-09,KD16,,J.H.A.M. Essink,853,1891-06-09,2347,2160,5,2,0.394907407407407,0,NA,0.446759259259259,0.446759259259259,0.051851851851852,,,,,,,,
6960,Enschede,algemeen,1894-04-10,KD16,,R.E. Hattink,722,1894-04-10,2212,1935,3,2,0.37312661498708,0,NA,0.403617571059432,0.403617571059432,0.030490956072352,,,,,,,,
7019,Enschede,herstemming,1891-06-23,KD16,,J.H.A.M. Essink,1078,1891-06-09,2347,2216,2,2,0.486462093862816,0,1,0.513537906137184,0.513537906137184,0.027075812274368,,,,,,,,
7026,Enschede,herstemming,1894-04-24,KD16,,R.E. Hattink,924,1894-04-10,2212,1974,2,2,0.468085106382979,0,1,0.531408308004053,0.531408308004053,0.063323201621074,,,,,,,,
7040,Enschede,herstemming,1897-08-24,KD16,,J.H. ter Veer,3877,1897-06-15,8778,8210,2,2,0.472228989037759,0,1,0.527771010962241,0.527771010962241,0.055542021924482,,,,,,,,
7102,Franeker,algemeen,1897-06-15,KD11,,H. Kamstra,1098,1897-06-15,5651,3681,4,2,0.298288508557457,0,NA,0.345829937516979,0.345829937516979,0.047541428959522,,,,,,,,
7103,Franeker,algemeen,1897-06-15,KD11,,Z. Middelkoop,778,1897-06-15,5651,3681,4,3,0.211355609888617,0,NA,0.345829937516979,0.345829937516979,0.134474327628362,,,,,,,,
7164,Franeker,herstemming,1897-06-25,KD11,,H. Kamstra,1961,1897-06-15,5651,4437,2,2,0.441965291863872,0,1,0.558034708136128,0.558034708136128,0.116069416272256,,,,,,,,
7171,Franeker,herstemming,27/06/1901,KD11,,J.P. Vergouwen,2332,14/06/1901,6226,5339,2,2,0.436785914965349,0,1,0.563214085034651,0.563214085034651,0.126428170069302,,,,,,,,
7192,Franeker,herstemming,23/06/1909,KD11,,C.E. van Koetsveld,3350,11/06/1909,8043,7023,2,2,0.477004129289477,0,1,0.522995870710523,0.522995870710523,0.045991741421046,,,,,,,,
7241,Goes,algemeen,1886-06-15,KD53,,L.A. Bijbau,841,1886-06-15,2926,4331,5,3,0.194181482336643,0,NA,0.217270838143616,0.217270838143616,0.023089355806973,,,,,,,,
7243,Goes,algemeen,1886-06-15,KD53,,W.H.B. Wilkens,829,1886-06-15,2926,4331,5,5,0.191410759639806,0,NA,0.217270838143616,0.217270838143616,0.02586007850381,,,,,,,,
7251,Goes,algemeen,1887-09-01,KD53,,J.L.C. Pompe van Meerdervoort,689,1887-09-01,2893,3732,5,3,0.184619506966774,0,2,0.289389067524116,0.309217577706324,0.104769560557342,,,,,,,,
7267,Goes,algemeen,1891-06-09,KD53,,J.H.C. Heijse,1173,1891-06-09,4022,2892,3,2,0.405601659751037,0,1,0.539764868603043,0.539764868603043,0.134163208852006,,,,,,,,
7313,Goes,algemeen,17/06/1913,KD53,,J.G. Moojen,3206,17/06/1913,8435,7452,3,2,0.430220075147611,0,1,0.526301663982823,0.526301663982823,0.096081588835212,,,,,,,,
7342,Goes,herstemming,1879-06-24,KD53,,W.A. van Hoek,755,1879-06-10,2656,1771,2,2,0.426312817617165,0,1,0.5742518351214,0.5742518351214,0.147939017504235,,,,,,,,
7350,Goes,herstemming,1886-06-29,KD53,,J.L.C. Pompe van Meerdervoort,1067,1886-06-15,2926,4899,4,3,0.217799550928761,0,2,0.29210042865891,0.29373341498265,0.074300877730149,,,,,,,,
7351,Goes,herstemming,1886-06-29,KD53,,L.A. Bijbau,962,1886-06-15,2926,4899,4,4,0.19636660542968,0,2,0.29210042865891,0.29373341498265,0.09573382322923,,,,,,,,
7374,Goes,periodiek,1864-06-14,KD53,,C.J. Pick�,207,1864-06-14,1339,930,4,3,0.22258064516129,0,NA,0.302150537634409,0.302150537634409,0.079569892473119,,,,,,,,
7375,Goes,periodiek,1864-06-14,KD53,,O. Verhagen,189,1864-06-14,1339,930,4,4,0.203225806451613,0,NA,0.302150537634409,0.302150537634409,0.098924731182796,,,,,,,,
7390,Goes,periodiek,1875-06-08,KD53,,M.J. de Witt Hamer,531,1875-06-08,1601,1264,2,2,0.420094936708861,0,1,0.568829113924051,0.568829113924051,0.14873417721519,,,,,,,,
7397,Goes,periodiek,1879-06-10,KD53,,W.A. van Hoek,580,1879-06-10,2656,1732,4,2,0.334872979214781,0,NA,0.419745958429561,0.419745958429561,0.08487297921478,,,,,,,,
7428,Goes,tussentijds,1890-03-18,KD53,,J.H.C. Heijse,1153,1888-03-06,4051,2712,2,2,0.425147492625369,0,1,0.570796460176991,0.570796460176991,0.145648967551622,,,,,,,,
7478,Gorinchem,algemeen,1886-06-15,KD41,,C. van Andel,1112,1886-06-15,4088,6348,4,4,0.175173282923756,0,2,0.320415879017013,0.324196597353497,0.145242596093257,01-Sep-12,gorinchem,7231 <- fiche,nog niet,BURGEMEESTER VAN GORINCHEM (1890).,https://www.genealogieonline.nl/en/genealogie_pot_smit/I389.php,,
7493,Gorinchem,algemeen,1888-03-06,KD41,,J.J. van Tienhoven van den Boogaard,1423,1888-03-06,3441,3103,2,2,0.458588462777957,0,1,0.539477924589107,0.539477924589107,0.08088946181115,9 juli 1897,werkendam,,,burgemeester werkendam,https://www.geni.com/people/Johannes-Jacobus-van-Tienhoven-van-den-Boogaard/6000000082733805503,,
7500,Gorinchem,algemeen,1891-06-09,KD41,,W.F. Tak,1281,1891-06-09,3391,2953,2,2,0.433796139519133,0,1,0.559431087030139,0.559431087030139,0.125634947511006,03-Dec-10,apeldoorn,,,waarschijnlijk is het deze,https://www.genealogieonline.nl/het-geslacht-vermaat/I4050.php,,
7530,Gorinchem,algemeen,16/06/1905,KD41,,L. van Andel,3401,16/06/1905,7594,6907,2,2,0.49239901549153,0,1,0.50760098450847,0.50760098450847,0.01520196901694,12 augustus 1938,middelburg,,,,https://krantenbankzeeland.nl/issue/mco/1938-08-12/edition/0/page/3?query=L.%20Van%20Andel%20overleden,,
7545,Gorinchem,algemeen,17/06/1913,KD41,,P.E. Bri�t,3683,17/06/1913,8944,7901,3,2,0.466143526135932,0,NA,0.499050753069232,0.499050753069232,0.0329072269333,20-Apr-61,leiden,,,eerste kamerlid,https://www.parlement.com/id/vg09lkyqidrr/p_e_paul_briet,,
7553,Gorinchem,herstemming,1860-06-26,KD41,,A.J. Korteweg,805,1860-06-12,2868,1690,2,2,0.476331360946746,0,1,0.523668639053254,0.523668639053254,0.047337278106508,,,,,,,,
7602,Gorinchem,herstemming,25/06/1913,KD41,,P.E. Bri�t,3987,17/06/1913,8944,8248,2,2,0.483389912706111,0,1,0.516731328806983,0.516731328806983,0.033341416100872,,,,,,,,
7680,Gorinchem,periodiek,1879-06-10,KD41,,G.J.G. Klerck,821,1879-06-10,3594,1956,2,2,0.419734151329243,0,1,0.564928425357873,0.564928425357873,0.14519427402863,17 januari 1884,den haag,,,minister, heb ik al,https://www.parlement.com/id/vg09lljbk9wo/g_j_g_klerck,
7779,Gouda,algemeen,1884-10-28,KD40,,J. van der Breggen,1177,1884-10-28,3904,5853,4,3,0.201093456347172,0,2,0.296941739279002,0.301725610797881,0.09584828293183,5 maart 1894,leiden,4225,ja,1e kamerlid,https://www.parlement.com/id/vg09lkypjdro/j_van_der_breggen,,
7780,Gouda,algemeen,1884-10-28,KD40,,A.J. Roest,1164,1884-10-28,3904,5853,4,4,0.198872373141978,0,2,0.296941739279002,0.301725610797881,0.098069366137024,21-Apr-20,den haag,7262 <- fiche,nog niet,commissaris van de koning,https://www.parlement.com/id/vg09llz6wkyy/a_j_roest,,
7788,Gouda,algemeen,1886-06-15,KD40,,A.J. Roest,1632,1886-06-15,4183,7184,4,3,0.2271714922049,0,2,0.272271714922049,0.274081291759465,0.045100222717149,,,,,,,,
7789,Gouda,algemeen,1886-06-15,KD40,,J. Fortuijn Droogleever,1612,1886-06-15,4183,7184,4,4,0.224387527839644,0,2,0.272271714922049,0.274081291759465,0.047884187082405,21 oktober 1921,rotterdam,6787,nee,,https://www.delpher.nl/nl/kranten/view?coll=ddd&query=%28J+Droogleever+Fortuyn+overleden%29&cql%5B%5D=%28date+_gte_+%2201-01-1886%22%29&cql%5B%5D=%28date+_lte_+%2201-01-1926%22%29&redirect=true&page=2&identifier=MMKB08:000105148:mpeg21:a0013&resultsidentifier=MMKB08:000105148:mpeg21:a0013,,
7797,Gouda,algemeen,1887-09-01,KD40,,A.J. Roest,1201,1887-09-01,4127,5736,4,3,0.209379358437936,0,2,0.288354253835425,0.289225941422594,0.078974895397489,,,,,,,,
7798,Gouda,algemeen,1887-09-01,KD40,,J. Fortuijn Droogleever,1189,1887-09-01,4127,5736,4,4,0.207287308228731,0,2,0.288354253835425,0.289225941422594,0.081066945606694,,,,,,,,
7866,Gouda,algemeen,17/06/1913,KD40,,J.A. de Wilde,3841,17/06/1913,10711,9539,5,2,0.40266275290911,0,NA,0.432644931334521,0.432644931334521,0.029982178425411,10 januari 1956,den haag,,,minister, kamerlid later,,
7967,Gouda,herstemming,25/06/1913,KD40,,J.A. de Wilde,4374,17/06/1913,10711,9785,2,2,0.447010730710271,0,1,0.552989269289729,0.552989269289729,0.105978538579458,,,,,,,,
7989,Gouda,periodiek,1864-06-14,KD40,,J.B.L. Wentholt,1001,1864-06-14,3414,2373,3,2,0.421828908554572,0,1,0.539823008849557,0.539823008849557,0.117994100294985,17 juni 1902,den haag,5772,ja,Oud-raadsheer,https://www.delpher.nl/nl/kranten/view?query=J.B.L.+Wentholt+overleden&coll=ddd&identifier=ddd:010648314:mpeg21:a0015&resultsidentifier=ddd:010648314:mpeg21:a0015,,
8004,Gouda,periodiek,1869-06-08,KD40,,J. Bosscha jr.,1066,1869-06-08,3200,2397,3,2,0.444722569879015,0,NA,0.468085106382979,0.468085106382979,0.023362536503964,15-Apr-11,heemstede,,,physicist,https://en.wikipedia.org/wiki/Johannes_Bosscha,,
8020,Gouda,periodiek,1873-06-10,KD40,,J.T. Buys,564,1873-06-10,3448,1903,3,3,0.296374146085129,0,NA,0.388859695218077,0.388859695218077,0.092485549132948,14 mei 1893,leiden,4223,ja,lawyer, professor,https://nl.wikipedia.org/wiki/Joannes_Theodorus_Buys,
8040,Gouda,periodiek,1877-06-12,KD40,,T.C.L. Wijnmalen,1092,1877-06-12,3717,2253,4,8,0.484687083888149,0,1,0.527740790057701,0.527740790057701,0.043053706169552,14 januari 1895,den haag,3849,ja,librarian,https://nl.wikipedia.org/wiki/Theodoor_Charles_Lion_Wijnmalen,,
8056,Gouda,periodiek,1881-06-14,KD40,,A.A. van Bergen Ijzendoorn,1243,1881-06-14,3806,2895,2,2,0.429360967184801,0,1,0.568221070811744,0.568221070811744,0.138860103626943,16 januari 1895,gouda,3401,ja,mayor,https://nl.wikipedia.org/wiki/Albertus_Adrianus_van_Bergen_IJzendoorn,,
8086,Gouda,tussentijds,1874-02-13,KD40,,H.J. van der Heim,686,1873-06-10,3448,2586,3,3,0.265274555297757,0,NA,0.380897138437742,0.380897138437742,0.115622583139985,13 februari 1890,loosdrecht,,,minister,https://www.parlement.com/id/vg09llj9fau6/h_j_van_der_heim,,
8099,Gouda,tussentijds,1877-06-12,KD40,,T.C.L. Wijnmalen,1092,1877-06-12,3717,2238,4,8,0.487935656836461,0,1,0.505808757819482,0.531277926720286,0.017873100983021,14 januari 1895,den haag,3849,ja,librarian,https://nl.wikipedia.org/wiki/Theodoor_Charles_Lion_Wijnmalen,,
8121,Gouda,tussentijds,1888-05-15,KD40,,J. Fortuijn Droogleever,1095,1888-03-06,2915,2549,2,2,0.429580227540212,0,1,0.567673597489211,0.567673597489211,0.138093369948999,,,,,,,,
8128,Gouda,tussentijds,1891-11-24,KD40,,P. van der Breggen,1070,1891-06-09,2985,2457,3,2,0.435490435490435,0,1,0.537240537240537,0.537240537240537,0.101750101750102,,,,,,,,
8485,Gulpen,algemeen,1897-06-15,KD104,,L.H.W. Regout,1552,1897-06-15,5287,3574,3,2,0.434247341913822,0,1,0.51147174034695,0.51147174034695,0.077224398433128,,,,,,,,
8542,Haarlem,algemeen,1866-10-30,KD33,,H.G. Jansen,583,1866-10-30,2507,3516,7,4,0.165813424345848,0,NA,0.22127417519909,0.22127417519909,0.055460750853242,,,,,,,,
8578,Haarlem,algemeen,1886-06-15,KD33,,M.W. van der Aa,689,1886-06-15,3392,4523,5,4,0.15233252266195,0,2,0.294936988724298,0.297147910678753,0.142604466062348,,,,,,,,
8627,Haarlem,algemeen,14/06/1901,KD33,,W.A.J. van de Kamp,1480,14/06/1901,7133,5050,4,2,0.293069306930693,0,NA,0.352079207920792,0.352079207920792,0.059009900990099,,,,,,,,
8688,Haarlem,herstemming,1866-11-13,KD33,,H.G. Jansen,897,1866-10-30,2507,3794,4,4,0.236425935687928,0,2,0.268054823405377,0.268054823405377,0.031628887717449,,,,,,,,
8746,Haarlem,herstemming,23/06/1909,KD33,,J.H. Thiel,4283,11/06/1909,9807,8622,2,2,0.49675249362097,0,1,0.50324750637903,0.50324750637903,0.00649501275806,,,,,,,,
8762,Haarlem,periodiek,1862-06-10,KD33,,M. Salvador,132,1862-06-10,1262,728,4,4,0.181318681318681,0,NA,0.309065934065934,0.309065934065934,0.127747252747253,,,,,,,,
8918,Haarlem,tussentijds,11/05/1900,KD33,,L. Modoo,633,1897-06-15,5840,3308,6,4,0.191354292623942,0,NA,0.226118500604595,0.226118500604595,0.034764207980653,,,,,,,,
8919,Haarlem,tussentijds,11/05/1900,KD33,,W.A.J. van de Kamp,268,1897-06-15,5840,3308,6,5,0.081015719467957,0,NA,0.226118500604595,0.226118500604595,0.145102781136638,,,,,,,,
8935,Haarlemmermeer,algemeen,1886-06-15,KD76,,H.F. Bultman,547,1886-06-15,1761,1445,3,2,0.378546712802768,0,NA,0.483044982698962,0.483044982698962,0.104498269896194,,,,,,,,
8949,Haarlemmermeer,algemeen,1888-03-06,KD76,,H.F. Bultman,978,1888-03-06,3595,3144,3,2,0.311068702290076,0,NA,0.413486005089059,0.413486005089059,0.102417302798983,,,,,,,,
8957,Haarlemmermeer,algemeen,1891-06-09,KD76,,J.B. van Merlen,928,1891-06-09,3718,2850,3,2,0.325614035087719,0,NA,0.423157894736842,0.423157894736842,0.097543859649123,,,,,,,,
8973,Haarlemmermeer,algemeen,1897-06-15,KD76,,G.B.'t Hooft,1950,1897-06-15,7971,6836,4,2,0.285254534815682,0,NA,0.430076067875951,0.430076067875951,0.144821533060269,,,,,,,,
8982,Haarlemmermeer,algemeen,14/06/1901,KD76,,G.B.'t Hooft,2113,14/06/1901,8132,6741,4,2,0.313454977006379,0,NA,0.46031746031746,0.46031746031746,0.146862483311081,,,,,,,,
9032,Haarlemmermeer,herstemming,1879-06-24,KD76,,H.F. Bultman,622,1879-06-10,1493,1295,2,2,0.48030888030888,0,1,0.51969111969112,0.51969111969112,0.03938223938224,,,,,,,,
9039,Haarlemmermeer,herstemming,1886-06-29,KD76,,H.F. Bultman,685,1886-06-15,1761,1531,2,2,0.447419986936643,0,1,0.551926845199216,0.551926845199216,0.104506858262573,,,,,,,,
9053,Haarlemmermeer,herstemming,1891-06-23,KD76,,J.B. van Merlen,1391,1891-06-09,3718,3033,2,2,0.458621826574349,0,1,0.541048466864491,0.541048466864491,0.082426640290142,,,,,,,,
9074,Haarlemmermeer,herstemming,27/06/1901,KD76,,G.B.'t Hooft,3484,14/06/1901,8132,6982,2,2,0.498997421942137,0,1,0.501002578057863,0.501002578057863,0.002005156115726,,,,,,,,
9107,Haarlemmermeer,periodiek,1879-06-10,KD76,,H.F. Bultman,446,1879-06-10,1493,1222,3,2,0.364975450081833,0,NA,0.475450081833061,0.475450081833061,0.110474631751228,,,,,,,,
9335,Hilversum,algemeen,14/06/1901,KD77,,J.J.B. Fanoy,1235,14/06/1901,7789,5675,5,3,0.217621145374449,0,NA,0.301321585903084,0.301321585903084,0.083700440528635,,,,,,,,
9336,Hilversum,algemeen,14/06/1901,KD77,,J. van Loenen Martinet,892,14/06/1901,7789,5675,5,4,0.157180616740088,0,NA,0.301321585903084,0.301321585903084,0.144140969162996,,,,,,,,
9440,Hilversum,tussentijds,1882-05-09,KD77,,J.F.H. Bekhuis,550,1881-06-14,2109,1312,2,2,0.419207317073171,0,1,0.554878048780488,0.554878048780488,0.135670731707317,,,,,,,,
9448,Hilversum,tussentijds,1897-01-26,KD77,,A.N.J. Fabius,610,1894-04-10,4110,1995,3,3,0.305764411027569,0,NA,0.357894736842105,0.357894736842105,0.052130325814536,,,,,,,,
9573,Hoogezand,algemeen,1897-06-15,KD107,,A. Wiersinga,1380,1897-06-15,5334,3606,4,2,0.382695507487521,0,NA,0.472823072656683,0.472823072656683,0.090127565169162,,,,,,,,
9582,Hoogezand,algemeen,14/06/1901,KD107,,J.W. Rudolph,1102,14/06/1901,5410,3604,3,2,0.305771365149833,0,NA,0.412319644839068,0.412319644839068,0.106548279689235,,,,,,,,
9590,Hoogezand,algemeen,16/06/1905,KD107,,H. de Wilde,1612,16/06/1905,6396,5478,3,2,0.294267981014969,0,NA,0.423512230741146,0.423512230741146,0.129244249726177,,,,,,,,
9591,Hoogezand,algemeen,16/06/1905,KD107,,U.G. Schilthuis Jzn.,1546,16/06/1905,6396,5478,3,3,0.282219788243885,0,NA,0.423512230741146,0.423512230741146,0.141292442497261,,,,,,,,
9599,Hoogezand,algemeen,11/06/1909,KD107,,A. Zijlstra,1583,11/06/1909,6921,5440,3,3,0.290992647058824,0,NA,0.384375,0.384375,0.093382352941176,,,,,,,,
9607,Hoogezand,algemeen,17/06/1913,KD107,,R. Koppe,1645,17/06/1913,7594,6344,3,3,0.259300126103405,0,NA,0.405895334174023,0.405895334174023,0.146595208070618,,,,,,,,
9649,Hoogezand,tussentijds,04/08/1913,KD107,,T. van der Waerden,2445,17/06/1913,7594,5008,2,2,0.488218849840256,0,1,0.511781150159744,0.511781150159744,0.023562300319488,,,,,,,,
9656,Hoorn,algemeen,1866-10-30,KD35,,W. Terpstra,1133,1866-10-30,3489,4558,9,2,0.248573935936814,0,2,0.290917068889864,0.290917068889864,0.04234313295305,,,,,,,,
9693,Hoorn,algemeen,1886-06-15,KD35,,W. Bos,1107,1886-06-15,4405,6352,5,4,0.174275818639798,0,2,0.306989924433249,0.308249370277078,0.132714105793451,,,,,,,,
9702,Hoorn,algemeen,1887-09-01,KD35,,W. Bos,793,1887-09-01,4299,4564,6,3,0.173751095530237,0,2,0.302147239263804,0.303461875547765,0.128396143733567,,,,,,,,
9759,Hoorn,algemeen,11/06/1909,KD35,,C.D. Wesseling,2043,11/06/1909,8145,6894,5,2,0.296344647519582,0,NA,0.412967798085292,0.412967798085292,0.11662315056571,,,,,,,,
9769,Hoorn,algemeen,17/06/1913,KD35,,C.D. Wesseling,2920,17/06/1913,9070,7936,3,2,0.367943548387097,0,NA,0.486265120967742,0.486265120967742,0.118321572580645,,,,,,,,
9798,Hoorn,herstemming,1866-11-13,KD35,,W. Terpstra,1101,1866-10-30,3489,2252,2,2,0.488898756660746,0,1,0.511101243339254,0.511101243339254,0.022202486678508,,,,,,,,
9805,Hoorn,herstemming,1874-10-27,KD35,,C. Bloem,1395,1873-06-10,3802,3055,2,2,0.456628477905074,0,1,0.543371522094926,0.543371522094926,0.086743044189852,,,,,,,,
9855,Hoorn,periodiek,1864-06-14,KD35,,W. Terpstra,172,1864-06-14,3368,1175,7,3,0.146382978723404,0,NA,0.281702127659574,0.281702127659574,0.13531914893617,,,,,,,,
9939,Hoorn,tussentijds,1874-10-13,KD35,,C. Bloem,991,1873-06-10,3802,2224,4,2,0.445593525179856,0,NA,0.464928057553957,0.464928057553957,0.019334532374101,,,,,,,,
9964,Hoorn,tussentijds,23/04/1912,KD35,,H.C. Vegtel,2109,11/06/1909,8446,6399,6,2,0.329582747304266,0,NA,0.430692295671199,0.430692295671199,0.101109548366933,,,,,,,,
10028,Kampen,algemeen,17/06/1913,KD13,,J.C. de Gast,2430,17/06/1913,8093,7042,6,2,0.345072422607214,0,NA,0.487077534791252,0.487077534791252,0.142005112184038,,,,,,,,
10046,Kampen,herstemming,25/06/1913,KD13,,J.C. de Gast,3724,17/06/1913,8093,7601,2,2,0.489935534798053,0,1,0.510064465201947,0.510064465201947,0.020128930403894,,,,,,,,
10053,Kampen,tussentijds,1892-05-10,KD13,,E. van Weede van Dijkveld,1003,1891-06-09,2643,2222,2,2,0.451395139513951,0,1,0.534653465346535,0.534653465346535,0.083258325832584,,,,,,,,
10060,Katwijk,algemeen,1888-03-06,KD96,,J. Maschek,1377,1888-03-06,3861,3535,3,2,0.38953323903819,0,NA,0.393776520509194,0.393776520509194,0.004243281471004,,,,,,,,
10068,Katwijk,algemeen,1891-06-09,KD96,,A. op de Laak,1243,1891-06-09,4138,3397,4,2,0.365911098027671,0,NA,0.369738004121283,0.369738004121283,0.003826906093612,,,,,,,,
10131,Katwijk,herstemming,1888-03-20,KD96,,J. Maschek,1463,1888-03-06,3861,3178,2,2,0.460352422907489,0,1,0.539647577092511,0.539647577092511,0.079295154185022,,,,,,,,
10196,Leeuwarden,algemeen,1868-01-22,KD7,,J. Binkes,672,1868-01-22,3132,4547,6,4,0.147789751484495,0,2,0.283263690345283,0.284363316472399,0.135473938860788,,,,,,,,
10269,Leeuwarden,algemeen,14/06/1901,KD7,,T. de Vries,1121,14/06/1901,6065,4723,4,3,0.237349142494177,0,NA,0.360999364810502,0.360999364810502,0.123650222316325,,,,,,,,
10278,Leeuwarden,algemeen,16/06/1905,KD7,,T.A. Hettinga,1439,16/06/1905,7553,6280,4,3,0.229140127388535,0,NA,0.361464968152866,0.361464968152866,0.132324840764331,,,,,,,,
10287,Leeuwarden,algemeen,11/06/1909,KD7,,G. Hofstede,1554,11/06/1909,8026,6818,4,3,0.227926078028747,0,NA,0.372249926664711,0.372249926664711,0.144323848635964,,,,,,,,
10317,Leeuwarden,herstemming,1865-11-29,KD7,,A. van Assen,741,1864-06-14,3063,1561,2,2,0.474695707879564,0,1,0.525304292120436,0.525304292120436,0.050608584240872,,,,,,,,
10324,Leeuwarden,herstemming,1893-02-07,KD7,,J. Troelstra,1279,1891-06-09,3286,2611,2,2,0.489850631941785,0,1,0.510149368058215,0.510149368058215,0.02029873611643,,,,,,,,
10338,Leeuwarden,herstemming,1897-08-03,KD7,,W. Bax,1668,1897-06-15,5366,3609,2,2,0.462177888611804,0,1,0.537822111388196,0.537822111388196,0.075644222776392,,,,,,,,
10352,Leeuwarden,herstemming,28/06/1905,KD7,,F.M. Wibaut,2933,16/06/1905,7553,6462,2,2,0.453884246363355,0,1,0.546115753636645,0.546115753636645,0.09223150727329,,,,,,,,
10373,Leeuwarden,periodiek,1860-06-12,KD7,,J. Hessels Tacoma,500,1860-06-12,2946,1039,2,2,0.481231953801732,0,NA,0.500481231953802,0.500481231953802,0.01924927815207,,,,,,,,
10395,Leeuwarden,periodiek,1866-06-12,KD7,,A. van Assen,681,1866-06-12,3063,1603,3,2,0.424828446662508,0,1,0.530879600748596,0.530879600748596,0.106051154086088,,,,,,,,
10462,Leeuwarden,tussentijds,1860-10-30,KD7,,J. Hessels Tacoma,786,1860-06-12,2946,1656,2,2,0.47463768115942,0,1,0.506642512077295,0.506642512077295,0.032004830917875,,,,,,,,
10512,Leeuwarden,tussentijds,1897-07-27,KD7,,W. Bax,1081,1897-06-15,5366,3669,4,2,0.294630689561188,0,NA,0.381302807304443,0.381302807304443,0.086672117743255,,,,,,,,
10513,Leeuwarden,tussentijds,1897-07-27,KD7,,W.C. van Munster,856,1897-06-15,5366,3669,4,3,0.233306077950395,0,NA,0.381302807304443,0.381302807304443,0.147996729354048,,,,,,,,
10524,Leiden,algemeen,1866-10-30,KD38,,H. van Alphen,721,1866-10-30,2643,3741,6,3,0.192729216786955,0,2,0.278000534616413,0.286821705426357,0.085271317829458,27/02/1913,middelburg?,,,lid rekenkamer ned. Indie,https://www.delpher.nl/nl/kranten/view?query=H.+van+Alphen+overleden&coll=ddd&identifier=ddd:010635933:mpeg21:a0033&resultsidentifier=ddd:010635933:mpeg21:a0033,,
10536,Leiden,algemeen,1868-01-22,KD38,,H. van Alphen,578,1868-01-22,2655,3105,5,4,0.186151368760064,0,2,0.292431561996779,0.292431561996779,0.106280193236715,,,,,,,,
10545,Leiden,algemeen,1884-10-28,KD38,,J. van der Breggen,869,1884-10-28,3141,4769,4,3,0.18221849444328,0,2,0.317047599077375,0.319144474732648,0.134829104634095,5 maart 1894,leiden,4225,ja,eerste kamerlid,https://www.delpher.nl/nl/kranten/view?query=J.+van+der+Breggen+overleden&coll=ddd&page=1&facets%5Bperiode%5D%5B%5D=0%7C19e_eeuw%7C&identifier=ddd:010146227:mpeg21:a0022&resultsidentifier=ddd:010146227:mpeg21:a0022,https://www.parlement.com/id/vg09lkypjdro/j_van_der_breggen,
10546,Leiden,algemeen,1884-10-28,KD38,,D. Hartevelt,852,1884-10-28,3141,4769,4,4,0.178653805829314,0,2,0.317047599077375,0.319144474732648,0.138393793248061,14 juli 1940,velp,,,,https://www.delpher.nl/nl/kranten/view?query=D.+Hartevelt+overleden&coll=ddd&identifier=ddd:011122479:mpeg21:a0054&resultsidentifier=ddd:011122479:mpeg21:a0054,,
10554,Leiden,algemeen,1886-06-15,KD38,,J. Rinkes Borger,952,1886-06-15,3307,4785,5,3,0.198955067920585,0,NA,0.217554858934169,0.217554858934169,0.018599791013584,4 juni 1915,sneek,,,fabrikant,https://www.delpher.nl/nl/kranten/view?query=J.+Rinkes+Borger+overleden&coll=ddd&identifier=ddd:010600375:mpeg21:a0003&resultsidentifier=ddd:010600375:mpeg21:a0003,,
10566,Leiden,algemeen,1887-09-01,KD38,,F. Was,810,1887-09-01,3244,5310,6,5,0.152542372881356,0,NA,0.187193973634652,0.187193973634652,0.034651600753296,,,,,,hier genoemd: https://www.oudleiden.nl/publicaties/jaarboekje/1-1904/file,,
10694,Leiden,herstemming,1886-06-29,KD38,,H. graaf van Limburg Stirum,1338,1886-06-15,3307,5825,4,3,0.229699570815451,0,2,0.260085836909871,0.325836909871245,0.03038626609442,26/01/1902,den haag,misschien warmond, kantoor leiden, noordwijk,nog niet,mayor,https://www.delpher.nl/nl/kranten/view?query=H.+graaf+van+Limburg+Stirum+overleden+noordwijk&coll=ddd&identifier=ddd:110557183:mpeg21:a0058&resultsidentifier=ddd:110557183:mpeg21:a0058
10695,Leiden,herstemming,1886-06-29,KD38,,J. Rinkes Borger,1068,1886-06-15,3307,5825,4,4,0.183347639484979,0,2,0.260085836909871,0.325836909871245,0.076738197424892,,,,,,,,
10718,Leiden,herstemming,02/12/1902,KD38,,J. de Lange,2076,14/06/1901,4729,4163,2,2,0.498678837376892,0,1,0.501321162623108,0.501321162623108,0.002642325246216,,,,,,https://www.delpher.nl/nl/kranten/view?query=J.+de+Lange+overleden&coll=ddd&page=1&facets%5Bperiode%5D%5B%5D=0%7C20e_eeuw%7C&identifier=ddd:010656280:mpeg21:a0070&resultsidentifier=ddd:010656280:mpeg21:a0070,,
10725,Leiden,herstemming,28/06/1905,KD38,,T.G. den Houter,2707,16/06/1905,6075,5617,2,2,0.481929855794908,0,1,0.518070144205092,0.518070144205092,0.036140288410184,02/07/1927,zeist,,,,https://www.genealogieonline.nl/en/in-cruce-salus/I29618.php,,
10732,Leiden,herstemming,25/06/1913,KD38,,P.E. Bri�t,3447,17/06/1913,7460,6986,2,2,0.493415402233037,0,1,0.506584597766963,0.506584597766963,0.013169195533926,,,,,,died before 1877,,
10748,Leiden,periodiek,1862-06-10,KD38,,P. Bleeker,184,1862-06-10,2604,1123,4,4,0.163846838824577,0,NA,0.308103294746216,0.308103294746216,0.144256455921639,,,,,,,,
10806,Leiden,periodiek,1877-06-12,KD38,,H.A. Neeb,926,1877-06-12,2969,2057,2,2,0.45017015070491,0,1,0.54691298006806,0.54691298006806,0.09674282936315,12 november 1896,leiden,4230,ja,advocaat,,https://www.wiewaswie.nl/nl/detail/53465260,
10814,Leiden,periodiek,1879-06-10,KD38,,L.G. Verwer,614,1879-06-10,2794,2138,3,3,0.287184284377923,0,NA,0.374181478016838,0.374181478016838,0.086997193638915,,,,,,,,
10860,Leiden,tussentijds,1873-03-18,KD38,,W.J.F. Nuyens,440,1871-06-13,2792,1745,4,3,0.25214899713467,0,NA,0.373065902578797,0.373065902578797,0.120916905444127,,,,,,,,
10911,Lochem,algemeen,1888-03-06,KD86,,J.G. ridder van Rappard,1394,1888-03-06,3242,2858,2,2,0.487753673897831,0,1,0.510496850944717,0.510496850944717,0.022743177046886,,,,,,,,
10958,Lochem,algemeen,11/06/1909,KD86,,J. Kok,2017,11/06/1909,9406,7951,3,3,0.253678782543076,0,NA,0.401081624952836,0.401081624952836,0.14740284240976,,,,,,,,
10965,Lochem,algemeen,17/06/1913,KD86,,A. baron van Heeckeren van Kell,3283,17/06/1913,10519,9233,3,2,0.35557240333586,0,NA,0.423589299252681,0.423589299252681,0.068016895916821,,,,,,,,
11008,Lochem,herstemming,23/06/1909,KD86,,A. baron van Heeckeren van Kell,3551,11/06/1909,9406,7570,2,2,0.469088507265522,0,1,0.534874504623514,0.534874504623514,0.065785997357992,,,,,,,,
11022,Lochem,tussentijds,1888-10-30,KD86,,J.G. ridder van Rappard,1450,1888-03-06,3242,2910,2,2,0.498281786941581,0,1,0.501718213058419,0.501718213058419,0.003436426116838,,,,,,,,
11155,Maastricht,algemeen,1868-01-22,KD64,,L.H. Wenmaekers,762,1868-01-22,2655,4047,4,4,0.1882876204596,0,2,0.279960464541636,0.284408203607611,0.091672844082036,,,,,,http://www.archieven.nl/mi/1540/?mivast=1540&miadt=38&mizig=100&miview=tbl&milang=nl&micols=1&misort=last_mod%7Cdesc&mif1=215&mip1=Wenmaekers&mib1=215,,
11249,Maastricht,herstemming,1892-07-12,KD64,,C. Schreinemacher,914,1891-06-09,2496,2081,2,2,0.439211917347429,0,1,0.560788082652571,0.560788082652571,0.121576165305142,,,,,,,,
11256,Maastricht,herstemming,15/04/1902,KD64,,E.E.E. Sassen,1785,14/06/1901,4995,3874,2,2,0.460764068146618,0,1,0.539235931853381,0.539235931853381,0.078471863706763,,,,,,,,
11349,Maastricht,tussentijds,1880-02-03,KD64,,A.L.E. Roberti,917,1879-06-10,2560,1975,2,2,0.464303797468354,0,1,0.533164556962025,0.533164556962025,0.068860759493671,,,,,,,,
11384,Maastricht,tussentijds,1888-05-15,KD64,,E.F.H.J. de Beaumont,658,1888-03-06,2194,1594,3,2,0.412797992471769,0,1,0.55771643663739,0.55771643663739,0.144918444165621,,,,,,,,
11393,Maastricht,tussentijds,1892-06-28,KD64,,G.A.A. Tripels,474,1891-06-09,2496,1946,4,3,0.243576567317575,0,NA,0.328365878725591,0.328365878725591,0.084789311408016,,,,,,,,
11447,Meppel,algemeen,14/06/1901,KD84,,H. Verkouteren,1785,14/06/1901,5417,4318,3,2,0.413385826771654,0,1,0.557433997220936,0.557433997220936,0.144048170449282,,,,,,,,
11499,Middelburg,algemeen,1868-01-22,KD51,,H.J. van der Heim,823,1868-01-22,2716,3931,4,3,0.209361485627067,0,2,0.289493767489188,0.290256932078352,0.080132281862121,,,,,,,,
11575,Middelburg,algemeen,16/06/1905,KD51,,H. Snijders,3542,16/06/1905,9151,8245,3,2,0.429593693147362,0,1,0.506973923590055,0.506973923590055,0.077380230442693,,,,,,,,
11607,Middelburg,herstemming,1862-06-24,KD51,,W.P. Vis,566,1862-06-10,2556,1182,2,2,0.478849407783418,0,1,0.521150592216582,0.521150592216582,0.042301184433164,,,,,,,,
11650,Middelburg,periodiek,1862-06-10,KD51,,J.G.H. van Tets van Goudriaan,265,1862-06-10,2556,1036,4,3,0.255791505791506,0,NA,0.356177606177606,0.356177606177606,0.1003861003861,,,,,,,,
11723,Middelburg,periodiek,1883-06-12,KD51,,W.J. Snouck Hurgronje,940,1883-06-12,2701,2195,2,2,0.428246013667426,0,1,0.569476082004556,0.569476082004556,0.14123006833713,,,,,,,,
11754,Middelburg,tussentijds,1881-11-29,KD51,,P.C.'t Hooft,968,1881-06-14,2697,1962,2,2,0.493374108053007,0,1,0.50407747196738,0.50407747196738,0.010703363914373,,,,,,,,
11995,Nijmegen,tussentijds,1862-06-10,KD23,,A. Schouten,787,1862-06-10,2536,2032,5,8,0.387303149606299,0,1,0.533464566929134,0.597933070866142,0.146161417322835,,,,,,,,
11996,Nijmegen,tussentijds,1862-06-10,KD23,,W.C.C. Sassen jr.,784,1862-06-10,2536,2032,5,9,0.385826771653543,0,1,0.533464566929134,0.597933070866142,0.147637795275591,,,,,,,,
12052,Ommen,algemeen,1888-03-06,KD85,,G.J. van der Wijck,844,1888-03-06,2326,1986,2,2,0.424974823766365,0,1,0.572507552870091,0.572507552870091,0.147532729103726,,,,,,,,
12089,Ommen,algemeen,16/06/1905,KD85,,W.J.M. Engelberts,3078,16/06/1905,8078,7189,2,2,0.428154124356656,0,1,0.572263179858117,0.572263179858117,0.144109055501461,,,,,,,,
12096,Ommen,algemeen,11/06/1909,KD85,,H.W. Teesselink,3109,11/06/1909,9026,7250,2,2,0.428827586206897,0,1,0.571172413793103,0.571172413793103,0.142344827586206,,,,,,,,
12119,Ommen,herstemming,1891-06-23,KD85,,E. van Weede van Dijkveld,976,1891-06-09,2419,2135,2,2,0.457142857142857,0,1,0.542857142857143,0.542857142857143,0.085714285714286,,,,,,,,
12126,Ommen,herstemming,28/10/1912,KD85,,H. van der Vegte,3440,11/06/1909,8667,7856,2,2,0.437881873727088,0,1,0.547988798370672,0.547988798370672,0.110106924643584,,,,,,,,
12163,Ommen,tussentijds,27/11/1912,KD85,,H. van der Vegte,3541,11/06/1909,8667,7722,2,2,0.458559958559959,0,1,0.541440041440041,0.541440041440041,0.082880082880082,,,,,,,,
12217,Oostburg,algemeen,11/06/1909,KD100,,P. Dieleman,3274,11/06/1909,8488,7175,3,2,0.456306620209059,0,1,0.503414634146341,0.503414634146341,0.047108013937282,,,,,,,,
12225,Oostburg,algemeen,17/06/1913,KD100,,P. Dieleman,3519,17/06/1913,9328,8456,3,2,0.416154210028382,0,1,0.557000946073794,0.557000946073794,0.140846736045412,,,,,,,,
12659,Roermond,tussentijds,1889-06-18,KD65,,L. Geradts,590,1888-03-06,1770,1510,4,2,0.390728476821192,0,1,0.50728476821192,0.50728476821192,0.116556291390728,,,,,,,,
12755,Rotterdam I,herstemming,28/06/1905,KD46,,J.W. Rudolph,3056,16/06/1905,7357,6652,2,2,0.459410703547805,0,1,0.540589296452195,0.540589296452195,0.08117859290439,,,,,,,,
12762,Rotterdam I,herstemming,14/09/1905,KD46,,D.P.D. Fabius,2885,16/06/1905,7357,5883,2,2,0.490396056433792,0,1,0.509603943566208,0.509603943566208,0.019207887132416,,,,,,,,
12879,Rotterdam II,herstemming,23/06/1909,KD47,,W.B. van Staveren,4438,11/06/1909,10761,8946,2,2,0.496087636932707,0,1,0.503912363067293,0.503912363067293,0.007824726134586,,,,,,,,
12886,Rotterdam II,herstemming,25/06/1913,KD47,,W.B. van Staveren,5322,17/06/1913,13625,11451,2,2,0.464762902803249,0,1,0.535237097196751,0.535237097196751,0.070474194393502,,,,,,,,
12893,Rotterdam II,herstemming,21/12/1917,KD47,,J. Schouten,4669,15/06/1917,17453,9513,2,2,0.490802060338484,0,1,0.509197939661516,0.509197939661516,0.018395879323032,,,,,,,,
12900,Rotterdam II,tussentijds,14/12/1917,KD47,,J. Schouten,3441,15/06/1917,17453,9254,4,2,0.371839204668252,0,NA,0.392046682515669,0.392046682515669,0.020207477847417,,,,,,,,
12929,Rotterdam III,algemeen,16/06/1905,KD116,,K.A. Warmenhoven jr.,1553,16/06/1905,4600,3850,3,2,0.403376623376623,0,1,0.543636363636364,0.543636363636364,0.140259740259741,,,,,,,,
12974,Rotterdam III,herstemming,14/01/1914,KD116,,H. Stulemeijer,1784,17/06/1913,5734,4177,2,2,0.427100790040699,0,1,0.572899209959301,0.572899209959301,0.145798419918602,,,,,,,,
12981,Rotterdam III,tussentijds,07/01/1914,KD116,,H. Stulemeijer,1532,17/06/1913,5734,3814,3,2,0.401678028316728,0,NA,0.460146827477714,0.460146827477714,0.058468799160986,,,,,,,,
12989,Rotterdam IV,algemeen,1897-06-15,KD117,,W.B. van Staveren,1166,1897-06-15,3839,3223,4,2,0.361774744027304,0,NA,0.468817871548247,0.468817871548247,0.107043127520943,,,,,,,,
12998,Rotterdam IV,algemeen,14/06/1901,KD117,,D.P.D. Fabius,1217,14/06/1901,4159,3156,4,2,0.385614702154626,0,NA,0.49873257287706,0.49873257287706,0.113117870722434,,,,,,,,
13057,Rotterdam IV,herstemming,27/06/1901,KD117,,D.P.D. Fabius,1517,14/06/1901,4159,3327,2,2,0.455966336038473,0,1,0.544033663961527,0.544033663961527,0.088067327923054,,,,,,,,
13064,Rotterdam IV,herstemming,28/06/1905,KD117,,J.M. Voorhoeve 2,3057,16/06/1905,7223,6479,2,2,0.471832072850749,0,1,0.528167927149251,0.528167927149251,0.056335854298502,,,,,,,,
13104,Rotterdam V,algemeen,14/06/1901,KD118,,F.J. van Rijswijk,610,14/06/1901,3983,2747,6,2,0.222060429559519,0,NA,0.318893338187113,0.318893338187113,0.096832908627594,,,,,,,,
13183,Rotterdam V,herstemming,03/11/1910,KD118,,H.C. Vegtel,2464,11/06/1909,7831,5216,2,2,0.47239263803681,0,1,0.52760736196319,0.52760736196319,0.05521472392638,,,,,,,,
13197,Rotterdam V,tussentijds,07/09/1905,KD118,,J.P. van Term,1372,16/06/1905,5431,3695,3,2,0.371312584573748,0,NA,0.494993234100135,0.494993234100135,0.123680649526387,,,,,,,,
13219,Rotterdam,algemeen,1866-10-30,KD73,,J. Voorhoeve H Czn.,364,1866-10-30,2935,6651,11,7,0.054728612238761,0,3,0.198767102691325,0.214403849045256,0.144038490452564,,,,,,,,
13232,Rotterdam,algemeen,1868-01-22,KD73,,D.C.A. graaf van Hogendorp,938,1868-01-22,2994,6917,10,4,0.135607922509759,0,3,0.186930750325286,0.192424461471736,0.051322827815527,,,,,,,,
13233,Rotterdam,algemeen,1868-01-22,KD73,,F. s' Jacob,786,1868-01-22,2994,6917,10,5,0.113633077923955,0,3,0.186930750325286,0.192424461471736,0.073297672401331,,,,,,,,
13234,Rotterdam,algemeen,1868-01-22,KD73,,A.A. Weve,452,1868-01-22,2994,6917,10,6,0.065346248373572,0,3,0.186930750325286,0.192424461471736,0.121584501951714,,,,,,,,
13248,Rotterdam,algemeen,1884-10-28,KD73,,G. Bahlmann,570,1884-10-28,3715,9930,12,5,0.057401812688822,0,4,0.151963746223565,0.152769385699899,0.094561933534743,,,,,,,,
13250,Rotterdam,algemeen,1884-10-28,KD73,,W.H. Jansen,552,1884-10-28,3715,9930,12,7,0.05558912386707,0,4,0.151963746223565,0.152769385699899,0.096374622356496,,,,,,,,
13255,Rotterdam,algemeen,1884-10-28,KD73,,J.M. Voorhoeve,396,1884-10-28,3715,9930,12,12,0.03987915407855,0,4,0.151963746223565,0.152769385699899,0.112084592145015,,,,,,,,
13268,Rotterdam,algemeen,1886-06-15,KD73,,W.H. Jansen,540,1886-06-15,3768,9016,10,8,0.059893522626442,0,4,0.162599822537711,0.163708961845608,0.102706299911269,,,,,,,,
13281,Rotterdam,algemeen,1887-09-01,KD73,,W.H. Jansen,391,1887-09-01,3755,6476,12,6,0.060376775787523,0,4,0.153180975911056,0.156886967263743,0.092804200123533,,,,,,,,
13283,Rotterdam,algemeen,1887-09-01,KD73,,J.J.G. Nollet,390,1887-09-01,3755,6476,12,8,0.060222359481161,0,4,0.153180975911056,0.156886967263743,0.092958616429895,,,,,,,,
13284,Rotterdam,algemeen,1887-09-01,KD73,,J.M. Voorhoeve,201,1887-09-01,3755,6476,12,9,0.031037677578752,0,4,0.153180975911056,0.156886967263743,0.122143298332304,,,,,,,,
13285,Rotterdam,algemeen,1887-09-01,KD73,,T.C.L. Wijnmalen,201,1887-09-01,3755,6476,12,10,0.031037677578752,0,4,0.153180975911056,0.156886967263743,0.122143298332304,,,,,,,,
13287,Rotterdam,algemeen,1887-09-01,KD73,,A.W. van Beeck Calkoen,200,1887-09-01,3755,6476,12,12,0.03088326127239,0,4,0.153180975911056,0.156886967263743,0.122297714638666,,,,,,,,
13298,Rotterdam,algemeen,1888-03-06,KD73,,J.M. Voorhoeve,1671,1888-03-06,8373,26133,15,6,0.06394214211916,0,5,0.11697853288945,0.135269582520185,0.05303639077029,,,,,,,,
13299,Rotterdam,algemeen,1888-03-06,KD73,,J.C.M.F.H. Maschek,1648,1888-03-06,8373,26133,15,7,0.063062028852409,0,5,0.11697853288945,0.135269582520185,0.053916504037041,,,,,,,,
13303,Rotterdam,algemeen,1888-03-06,KD73,,J.J. Jacobson,752,1888-03-06,8373,26133,15,11,0.028775877243332,0,5,0.11697853288945,0.135269582520185,0.088202655646118,,,,,,,,
13305,Rotterdam,algemeen,1888-03-06,KD73,,G.P. Ittmann,139,1888-03-06,8373,26133,15,13,0.005318945394712,0,5,0.11697853288945,0.135269582520185,0.111659587494738,,,,,,,,
13307,Rotterdam,algemeen,1888-03-06,KD73,,J.W. Gunning,87,1888-03-06,8373,26133,15,15,0.003329124095971,0,5,0.11697853288945,0.135269582520185,0.113649408793479,,,,,,,,
13318,Rotterdam,algemeen,1891-06-09,KD73,,J.M. Voorhoeve,1052,1891-06-09,8318,22851,16,6,0.046037372543871,0,5,0.117062710603475,0.120169795632576,0.071025338059604,,,,,,,,
13320,Rotterdam,algemeen,1891-06-09,KD73,,J.C. van de Poll,1033,1891-06-09,8318,22851,16,8,0.045205899085379,0,5,0.117062710603475,0.120169795632576,0.071856811518096,,,,,,,,
13322,Rotterdam,algemeen,1891-06-09,KD73,,T.C.L. Wijnmalen,1028,1891-06-09,8318,22851,16,10,0.044987090280513,0,5,0.117062710603475,0.120169795632576,0.072075620322962,,,,,,,,
13328,Rotterdam,algemeen,1891-06-09,KD73,,J.A. van Gilse,85,1891-06-09,8318,22851,16,16,0.003719749682727,0,5,0.117062710603475,0.120169795632576,0.113342960920748,,,,,,,,
13341,Rotterdam,algemeen,1894-04-10,KD73,,J.A. van Gilse,902,1894-04-10,8422,24869,15,8,0.036270055088665,0,5,0.137842293618561,0.139611564598496,0.101572238529896,,,,,,,,
13344,Rotterdam,algemeen,1894-04-10,KD73,,J.M. Voorhoeve,678,1894-04-10,8422,24869,15,11,0.027262857372633,0,5,0.137842293618561,0.139611564598496,0.110579436245928,,,,,,,,
13370,Rotterdam,herstemming,1879-06-24,KD73,,W.H. Jansen,754,1879-06-10,3462,4174,4,3,0.180642069956876,0,2,0.317920459990417,0.341638715860086,0.137278390033541,,,,,,,,
13378,Rotterdam,herstemming,1880-09-07,KD73,,M.L. van Deventer,985,1879-06-10,3551,2083,2,2,0.472875660105617,0,1,0.527124339894383,0.527124339894383,0.054248679788766,,,,,,,,
13468,Rotterdam,periodiek,1879-06-10,KD73,,W.H. Jansen,583,1879-06-10,3462,3596,7,3,0.162124582869855,0,2,0.259454949944383,0.259454949944383,0.097330367074528,,,,,,,,
13480,Rotterdam,periodiek,1881-06-14,KD73,,G.P. Ittmann,922,1881-06-14,3642,1938,5,3,0.475748194014448,0,1,0.508771929824561,0.519091847265222,0.033023735810113,,,,,,,,
13579,Rotterdam,tussentijds,1880-08-24,KD73,,M.L. van Deventer,747,1879-06-10,3551,1891,3,2,0.395029085140138,0,NA,0.425700687466949,0.425700687466949,0.030671602326811,,,,,,,,
13649,Schiedam,algemeen,1894-04-10,KD48,,S.A. Maas,781,1894-04-10,2608,2047,3,2,0.381533952125061,0,NA,0.44894968246214,0.44894968246214,0.067415730337079,,,,,,,,
13706,Schiedam,herstemming,1888-03-20,KD48,,L.W. Jansen,1103,1888-03-06,2671,2431,2,2,0.453722747840395,0,1,0.546277252159605,0.546277252159605,0.09255450431921,,,,,,,,
13720,Schiedam,herstemming,1894-04-24,KD48,,S.A. Maas,1042,1894-04-10,2608,2217,2,2,0.47000451059991,0,1,0.52999548940009,0.52999548940009,0.05999097880018,,,,,,,,
13734,Schiedam,herstemming,22/10/1907,KD48,,H.J. Versteeg,3211,16/06/1905,8083,6878,2,2,0.466850828729282,0,1,0.533149171270718,0.533149171270718,0.066298342541436,,,,,,,,
13741,Schiedam,tussentijds,1888-11-20,KD48,,W. Six,1129,1888-03-06,2671,2398,2,2,0.470809007506255,0,1,0.527522935779816,0.527522935779816,0.056713928273561,,,,,,,,
13872,Schoterland,herstemming,23/06/1909,KD81,,J.A. Bergmeyer,2125,11/06/1909,6707,4690,2,2,0.453091684434968,0,1,0.546908315565032,0.546908315565032,0.093816631130064,,,,,,,,
13894,Schoterland,tussentijds,03/08/1909,KD81,,J.A. Bergmeyer,2219,11/06/1909,6707,4686,2,2,0.473538198890312,0,1,0.526461801109688,0.526461801109688,0.052923602219376,,,,,,,,
13972,Sliedrecht,algemeen,1888-03-06,KD99,,K. van Wijngaarden,1237,1888-03-06,3344,2850,2,2,0.434035087719298,0,1,0.556140350877193,0.556140350877193,0.122105263157895,,,,,,,,
14009,Sliedrecht,algemeen,16/06/1905,KD99,,H. Smissaert,2046,16/06/1905,7135,5878,4,2,0.348077577407281,0,NA,0.480945899965975,0.480945899965975,0.132868322558694,,,,,,,,
14026,Sliedrecht,algemeen,17/06/1913,KD99,,W.W. van der Meulen,2542,17/06/1913,8814,6548,3,2,0.388210140500916,0,1,0.526114844227245,0.526114844227245,0.137904703726329,,,,,,,,
14034,Sliedrecht,herstemming,1894-04-24,KD99,,J.A. van Haaften,1250,1894-04-10,3438,2590,2,2,0.482625482625483,0,1,0.517374517374517,0.517374517374517,0.034749034749034,,,,,,,,
14041,Sliedrecht,herstemming,28/06/1905,KD99,,H. Smissaert,3092,16/06/1905,7135,6362,2,2,0.486010688462748,0,1,0.513989311537252,0.513989311537252,0.027978623074504,,,,,,,,
14065,Sneek,algemeen,1866-10-30,KD10,,J.A. Lycklama � Nijeholt,623,1866-10-30,2958,4735,5,4,0.131573389651531,0,2,0.259556494192186,0.260612460401267,0.127983104540655,,,,,,,,
14075,Sneek,algemeen,1868-01-22,KD10,,B.J. Gratama,658,1868-01-22,3051,4445,6,4,0.148031496062992,0,2,0.252418447694038,0.254443194600675,0.104386951631046,,,,,,,,
14088,Sneek,algemeen,1884-10-28,KD10,,A. Lycklama � Nijeholt,1734,1884-10-28,4698,11888,6,6,0.145861372812921,0,3,0.183967025572005,0.184976446837147,0.038105652759084,,,,,,,,
14110,Sneek,algemeen,1887-09-01,KD10,,K. Kater,1504,1887-09-01,4816,7328,7,6,0.205240174672489,0,2,0.270605895196507,0.276200873362445,0.065365720524018,,,,,,,,
14142,Sneek,algemeen,1897-06-15,KD10,,J.A. van Gilse,1423,1897-06-15,6122,4518,3,2,0.314962372731297,0,NA,0.418326693227092,0.418326693227092,0.103364320495795,,,,,,,,
14158,Sneek,algemeen,16/06/1905,KD10,,C.J. Niemeijer,2020,16/06/1905,7183,6026,4,2,0.335214072353136,0,NA,0.470793229339529,0.470793229339529,0.135579156986393,,,,,,,,
14212,Sneek,herstemming,1894-05-25,KD10,,J.A. van Gilse,1147,1894-04-10,3657,2427,2,2,0.472599917593737,0,1,0.527400082406263,0.527400082406263,0.054800164812526,,,,,,,,
14226,Sneek,herstemming,28/06/1905,KD10,,C.J. Niemeijer,2774,16/06/1905,7183,6407,2,2,0.432963945684408,0,1,0.567036054315592,0.567036054315592,0.134072108631184,,,,,,,,
14233,Sneek,periodiek,1860-06-12,KD10,,L. Britzel,378,1860-06-12,2759,850,2,2,0.444705882352941,0,1,0.531764705882353,0.531764705882353,0.087058823529412,,,,,,,,
14249,Sneek,periodiek,1864-06-14,KD10,,O.Q.J.J. van Swinderen,527,1864-06-14,2919,1607,3,2,0.327940261356565,0,NA,0.438705662725576,0.438705662725576,0.110765401369011,,,,,,,,
14267,Sneek,periodiek,1869-06-08,KD10,,B.J. Gratama,875,1869-06-08,3989,5593,6,4,0.156445556946183,0,2,0.273019846236367,0.277489719291972,0.116574289290184,,,,,,,,
14286,Sneek,periodiek,1873-06-10,KD10,,J. Wolbers,1066,1873-06-10,4153,5024,4,4,0.21218152866242,0,2,0.277468152866242,0.282444267515924,0.065286624203822,,,,,,,,
14318,Sneek,periodiek,1881-06-14,KD10,,W. baron van Heemstra,1823,1881-06-14,4673,7468,4,4,0.244108194965185,0,2,0.251606855918586,0.252544188537761,0.007498660953401,,,,,,,,
14415,Steenwijk,algemeen,1884-10-28,KD70,,A.J. Dijckmeester,574,1884-10-28,1631,1300,2,2,0.441538461538462,0,1,0.553076923076923,0.553076923076923,0.111538461538461,,,,,,,,
14451,Steenwijk,algemeen,1894-04-10,KD70,,A. Wiersinga,630,1894-04-10,2800,2194,3,3,0.28714676390155,0,NA,0.380127620783956,0.380127620783956,0.092980856882406,,,,,,,,
14475,Steenwijk,algemeen,16/06/1905,KD70,,J.H. Tromp Meesters,3202,16/06/1905,7007,6433,2,2,0.497745997201928,0,1,0.502254002798072,0.502254002798072,0.004508005596144,25 september 1908,Amsterdam,Memorie in Steenwijk,ja,Businessman,https://nl.wikipedia.org/wiki/Jan_Hendrik_Tromp_Meesters,,
14482,Steenwijk,algemeen,11/06/1909,KD70,,J. van Gilse,2949,11/06/1909,7550,6775,2,2,0.435276752767528,0,1,0.564723247232472,0.564723247232472,0.129446494464944,gekozen,,,,,,,
14489,Steenwijk,algemeen,17/06/1913,KD70,,E. van Ketwich Verschuur,3196,17/06/1913,7976,7268,3,2,0.439735828288387,0,1,0.511970280682444,0.511970280682444,0.072234452394057,19 april 1924,Groningen,,ja,Eerste Kamerlid,https://www.parlement.com/id/vg09ll27icql/e_van_ketwich_verschuur,,
14558,Steenwijk,periodiek,1883-06-12,KD70,,A.J. Dijckmeester,657,1883-06-12,1646,1433,2,2,0.458478715980461,0,1,0.538729937194696,0.538729937194696,0.080251221214235,26 december 1905,Deventer,,ja,Eerste Kamerlid,https://www.parlement.com/id/vg09ll07yxxi/a_j_dijckmeester,,
14597,Tiel,algemeen,1884-10-28,KD71,,C. Pijnacker Hordijk,1337,1884-10-28,3266,5601,4,4,0.238707373683271,0,2,0.25513301196215,0.256561328334226,0.016425638278879,,,,,,,,
14823,Tiel,tussentijds,1877-04-17,KD71,,P.A.C.H.T.A. Werdm�ller von Elgg,586,1875-06-08,3108,1470,3,2,0.398639455782313,0,1,0.516326530612245,0.516326530612245,0.117687074829932,,,,,,,,
14895,Tietjerksteradeel,herstemming,1897-06-25,KD108,,J.D. de Vries,2432,1897-06-15,5968,5104,2,2,0.476489028213166,0,1,0.523510971786834,0.523510971786834,0.047021943573668,,,,,,,,
14912,Tilburg,algemeen,1866-10-30,KD57,,B.H.M. Hanlo,745,1866-10-30,3095,4511,6,4,0.165151851030814,0,2,0.269119929062292,0.270671691420971,0.103968078031478,,,,,,,,
15013,Tilburg,herstemming,1864-02-03,KD57,,D. Mulder,858,1862-06-10,3081,1946,2,2,0.440904419321686,0,1,0.559095580678314,0.559095580678314,0.118191161356628,,,,,,,,
15027,Tilburg,herstemming,12/12/1901,KD57,,A.L.J. van Waesberghe,2399,14/06/1901,5592,4875,2,2,0.492102564102564,0,1,0.507897435897436,0.507897435897436,0.015794871794872,,,,,,,,
15232,Utrecht I,herstemming,23/06/1909,KD110,,H.J.H. baron van Boetzelaer,3564,11/06/1909,8578,7342,2,2,0.485426314355761,0,1,0.514573685644239,0.514573685644239,0.029147371288478,,,,,,,,
15257,Utrecht II,algemeen,14/06/1901,KD111,,J. Oudegeest,903,14/06/1901,4527,3505,4,3,0.257631954350927,0,NA,0.396576319543509,0.396576319543509,0.138944365192582,,,,,,,,
15361,Utrecht,algemeen,1884-10-28,KD25,,J.H. Hora Siccama,649,1884-10-28,3048,4257,5,4,0.152454780361757,0,2,0.271082922245713,0.277190509748649,0.118628141883956,,,,,,,,
15417,Utrecht,herstemming,1866-06-26,KD25,,W.R. Boer,574,1866-06-12,2944,1214,2,2,0.472817133443163,0,1,0.527182866556837,0.527182866556837,0.054365733113674,,,,,,,,
15424,Utrecht,herstemming,1866-11-13,KD25,,H. Verloren van Themaat,763,1866-10-30,2944,1631,2,2,0.467811158798283,0,1,0.532188841201717,0.532188841201717,0.064377682403434,,,,,,,,
15487,Utrecht,periodiek,1866-06-12,KD25,,W.R. Boer,417,1866-06-12,2944,1718,4,2,0.242724097788126,0,NA,0.30325960419092,0.30325960419092,0.060535506402794,,,,,,,,
15489,Utrecht,periodiek,1866-06-12,KD25,,B.G.A. Pabst,350,1866-06-12,2944,1718,4,4,0.20372526193248,0,NA,0.30325960419092,0.30325960419092,0.09953434225844,,,,,,,,
15628,Veendam,algemeen,16/06/1905,KD78,,G.J. Sybrandy,2050,16/06/1905,7551,6089,3,2,0.33667268845459,0,NA,0.384299556577435,0.384299556577435,0.047626868122845,,,,,,,,
15645,Veendam,algemeen,17/06/1913,KD78,,H. Snijders,2272,17/06/1913,9054,7610,3,2,0.298554533508541,0,NA,0.414717477003942,0.414717477003942,0.116162943495401,,,,,,,,
15646,Veendam,algemeen,17/06/1913,KD78,,F.G. Petersen,2182,17/06/1913,9054,7610,3,3,0.286727989487516,0,NA,0.414717477003942,0.414717477003942,0.127989487516426,,,,,,,,
15695,Veendam,herstemming,25/06/1913,KD78,,H. Snijders,2624,17/06/1913,9054,6096,2,2,0.430446194225722,0,1,0.569553805774278,0.569553805774278,0.139107611548556,,,,,,,,
15875,Weert,herstemming,04/05/1916,KD105,,W.F.W. Kolkman,2935,17/06/1913,8267,5904,2,2,0.497120596205962,0,1,0.502879403794038,0.502879403794038,0.005758807588076,,,,,,,,
15900,Weststellingwerf,algemeen,14/06/1901,KD109,,H. Blink,885,14/06/1901,5228,3276,3,3,0.27014652014652,0,NA,0.373015873015873,0.373015873015873,0.102869352869353,,,,,,,,
15915,Weststellingwerf,algemeen,11/06/1909,KD109,,H.C. Hogerzeil,1840,11/06/1909,6849,5113,3,2,0.359867005671817,0,NA,0.361822804615686,0.361822804615686,0.001955798943869,,,,,,,,
15923,Weststellingwerf,algemeen,17/06/1913,KD109,,P. Kohnstamm,2076,17/06/1913,7878,6385,3,2,0.325137039937353,0,NA,0.413155833985904,0.413155833985904,0.088018794048551,,,,,,,,
15966,Weststellingwerf,herstemming,23/06/1909,KD109,,H.C. Hogerzeil,2329,11/06/1909,6849,5226,2,2,0.445656333716035,0,1,0.554343666283965,0.554343666283965,0.10868733256793,,,,,,,,
15973,Weststellingwerf,herstemming,25/06/1913,KD109,,P. Kohnstamm,2497,17/06/1913,7878,5483,2,2,0.455407623563742,0,1,0.544592376436258,0.544592376436258,0.089184752872516,,,,,,,,
16196,Winschoten,algemeen,17/06/1913,KD4,,L.M. Hermans,2303,17/06/1913,8016,5708,3,2,0.403468815697267,0,NA,0.419761737911703,0.419761737911703,0.016292922214436,,,,,,,,
16211,Winschoten,herstemming,1878-03-12,KD4,,D. Mulder Dzn.,748,1877-06-12,2558,1594,2,2,0.469259723964868,0,1,0.530740276035132,0.530740276035132,0.061480552070264,,,,,,,,
16222,Winschoten,herstemming,1888-03-20,KD4,,D.R. Mansholt,1129,1888-03-06,3022,2552,2,2,0.442398119122257,0,1,0.557601880877743,0.557601880877743,0.115203761755486,,,,,,,,
16264,Winschoten,herstemming,25/06/1913,KD4,,L.M. Hermans,2537,17/06/1913,8016,5709,2,2,0.44438605710282,0,1,0.55561394289718,0.55561394289718,0.11122788579436,,,,,,,,
16293,Winschoten,periodiek,1877-06-12,KD4,,J. Freseman Vi�tor,308,1877-06-12,1390,719,3,2,0.428372739916551,0,1,0.506258692628651,0.506258692628651,0.0778859527121,,,,,,,,
16332,Winschoten,tussentijds,1864-07-18,KD4,,T. Borgesius,118,1864-06-14,1175,499,5,2,0.236472945891784,0,NA,0.364729458917836,0.364729458917836,0.128256513026052,,,,,,,,
16377,Winschoten,tussentijds,17/06/1916,KD4,,K. Stenhuis,2776,17/06/1913,8858,6160,2,2,0.450649350649351,0,1,0.549350649350649,0.549350649350649,0.098701298701298,,,,,,,,
16385,Wolvega,algemeen,1888-03-06,KD83,,V. Bruinsma,598,1888-03-06,2634,2138,3,3,0.279700654817587,0,NA,0.391487371375117,0.391487371375117,0.11178671655753,,,,,,,,
16465,Zaandam,algemeen,16/06/1905,KD37,,J. Windhouwer,1901,16/06/1905,8980,6902,3,3,0.275427412344248,0,NA,0.378006374963779,0.378006374963779,0.102578962619531,,,,,,,,
16472,Zaandam,algemeen,11/06/1909,KD37,,H.J.C. van Tienen,2571,11/06/1909,10269,8323,3,2,0.308903039769314,0,NA,0.415234891265169,0.415234891265169,0.106331851495855,,,,,,,,
16516,Zaandam,herstemming,23/06/1909,KD37,,H.J.C. van Tienen,4013,11/06/1909,10269,8171,2,2,0.491127157018725,0,1,0.508872842981275,0.508872842981275,0.01774568596255,,,,,,,,
16607,Zevenbergen,herstemming,1881-06-28,KD62,,L. van Rijckevorsel,838,1881-06-14,2134,1732,2,2,0.483833718244804,0,1,0.515588914549654,0.515588914549654,0.03175519630485,,,,,,,,
16635,Zevenbergen,periodiek,1881-06-14,KD62,,L. van Rijckevorsel,612,1881-06-14,2134,1641,3,2,0.372943327239488,0,NA,0.382084095063985,0.382084095063985,0.009140767824497,,,,,,,,
16653,Zevenbergen,tussentijds,1878-04-23,KD62,,T.C.L. Wijnmalen,476,1877-06-12,2044,1684,3,3,0.282660332541568,0,NA,0.385985748218527,0.385985748218527,0.103325415676959,,,,,,,,
16713,Zierikzee,algemeen,1888-03-06,KD52,,D.P.D. Fabius,1351,1888-03-06,3457,3155,2,2,0.428209191759113,0,1,0.569572107765452,0.569572107765452,0.141362916006339,,,,,,,,
16742,Zierikzee,algemeen,14/06/1901,KD52,,J.A. de Bruijne,2462,14/06/1901,5919,5175,2,2,0.475748792270531,0,1,0.524251207729469,0.524251207729469,0.048502415458938,,,,,,,,
16757,Zierikzee,algemeen,11/06/1909,KD52,,H.C. Vegtel,3402,11/06/1909,8284,7624,3,2,0.446222455403987,0,1,0.517313746065058,0.517313746065058,0.071091290661071,,,,,,,,
16765,Zierikzee,algemeen,17/06/1913,KD52,,H.C. Hogerzeil,3244,17/06/1913,8974,8129,3,2,0.399065075655062,0,1,0.536474351088695,0.536474351088695,0.137409275433633,,,,,,,,
16942,Zuidhorn,algemeen,17/06/1913,KD69,,A. Zijlstra,3627,17/06/1913,9324,8428,3,2,0.430351210251542,0,NA,0.488372093023256,0.488372093023256,0.058020882771714,,,,,,,,
16957,Zuidhorn,herstemming,1869-04-07,KD69,,E. de Wendt Alberda van Ekenstein,196,1868-01-22,1368,631,3,2,0.310618066561014,0,NA,0.404120443740095,0.404120443740095,0.093502377179081,,,,,,,,
16958,Zuidhorn,herstemming,1869-04-07,KD69,,H.W. Wierda,180,1868-01-22,1368,631,3,3,0.285261489698891,0,NA,0.404120443740095,0.404120443740095,0.118858954041204,7 januari 1894,Winsum,,,burgemeester van Winsum,https://www.beeldbankgroningen.nl/beelden/detail/47030fdd-6f5e-654d-5ef3-f0399f175852,https://www.winshem.nl/wp-content/uploads/Info-2002-nr1.pdf,https://cbgverzamelingen.nl/zoeken?collection=Familieadvertenties&view=cbgsearch&search_s_per_plaats=Winsum&sort=order_s_per_naam%20desc&start=250
16965,Zuidhorn,herstemming,1869-06-22,KD69,,H.W. Wierda,304,1869-06-08,1417,667,2,2,0.455772113943028,0,1,0.544227886056971,0.544227886056971,0.088455772113943,,,,,,,,
16993,Zuidhorn,herstemming,27/06/1901,KD69,,J.C. Wirtz,2403,14/06/1901,6421,5214,2,2,0.460874568469505,0,1,0.539125431530495,0.539125431530495,0.07825086306099,5 februari 1933,Oegstgeest,,,,https://leiden.courant.nu/issue/LD/1938-05-24/edition/0/page/15,,
17000,Zuidhorn,herstemming,28/06/1905,KD69,,D.G. Postma,3323,16/06/1905,7880,7273,2,2,0.456895366423759,0,1,0.543104633576241,0.543104633576241,0.086209267152482,28 december 1913,Voorburg,Djurre Gasses,,predikant/dominee,https://www.dominees.nl/search.php?srt=g&id=10430,https://www.delpher.nl/nl/kranten/view?coll=ddd&query=%28ds.+Djurre+Postma+%29&cql%5B%5D=%28date+_gte_+%2201-01-1913%22%29&cql%5B%5D=%28date+_lte_+%2201-01-1915%22%29&redirect=true&identifier=ddd:010667452:mpeg21:a0096&resultsidentifier=ddd:010667452:mpeg21:a0096,
17007,Zuidhorn,herstemming,23/06/1909,KD69,,G. Hofstede,3603,11/06/1909,8647,7757,2,2,0.464483692149027,0,1,0.535516307850973,0.535516307850973,0.071032615701946,,,,,,,,
17057,Zuidhorn,periodiek,1881-06-14,KD69,,B.J. Gratama,272,1881-06-14,1483,653,2,2,0.416539050535988,0,1,0.563552833078101,0.563552833078101,0.147013782542113,26 juni 1886,Delft,Bernard Jan Gratama,,Nederlands rechtsgeleerde en hoogleraar.,https://nl.wikipedia.org/wiki/Bernard_Jan_Gratama,,
17092,Zutphen,algemeen,1866-10-30,KD19,,B.A. Reigers,778,1866-10-30,2763,4510,7,4,0.172505543237251,0,2,0.264523281596452,0.264523281596452,0.092017738359201,28 maart 1895,Ulft,Mr. Bernard Aloys Reigers,ja,"fabrikant, advocaat te Ulft",https://ulftnieuws.jouwweb.nl/pag-7-diepenbrock-reigers-ulft-dru,https://www.delpher.nl/nl/kranten/view?query=Bernard+Reigers&coll=ddd&identifier=ddd:010990550:mpeg21:a0010&resultsidentifier=ddd:010990550:mpeg21:a0010,
17113,Zutphen,algemeen,1884-10-28,KD19,,K.W. van Gorkom,1496,1884-10-28,3470,6123,5,4,0.244324677445697,0,2,0.252327290543851,0.252327290543851,0.008002613098154,10 maart 1910,Baarn,,,"apotheker, hoofdinspecteur, kinakenner",https://nl.wikipedia.org/wiki/Karel_van_Gorkom,,
17123,Zutphen,algemeen,1886-06-15,KD19,,J.D.C. baron van Heeckeren van Kell,1638,1886-06-15,3746,7145,4,4,0.22925122463261,0,2,0.265780265920224,0.269699090272918,0.036529041287614,28 mei 1931,Bingerden,"gemeente Angerlo, Gld. ",,,https://www.parlement.com/id/vg09ll1gvkz5/j_d_c_karel_baron_van_heeckeren_van_kell,,
17172,Zutphen,algemeen,14/06/1901,KD19,,R.P.J. Tutein Nolthenius,1758,14/06/1901,6368,4903,4,2,0.35855598613094,0,NA,0.448704874566592,0.448704874566592,0.090148888435652,,,,,,,,
17226,Zutphen,herstemming,27/06/1901,KD19,,R.P.J. Tutein Nolthenius,2481,14/06/1901,6368,5355,2,2,0.463305322128852,0,1,0.536694677871148,0.536694677871148,0.073389355742296,,,,,,,,
17240,Zutphen,herstemming,08/08/1905,KD19,,R.P.J. Tutein Nolthenius,2963,16/06/1905,8175,6801,2,2,0.435671224819879,0,1,0.564328775180121,0.564328775180121,0.128657550360242,,,,,,,,
17247,Zutphen,herstemming,23/06/1909,KD19,,A. baron van Heeckeren van Kell,3734,11/06/1909,8550,7874,2,2,0.474218948437897,0,1,0.525781051562103,0.525781051562103,0.051562103124206,4 juni 1945,De Steeg,gemeente Rheden,,,https://nl.wikipedia.org/wiki/Alexander_van_Heeckeren_van_Kell,,
17348,Zutphen,periodiek,1883-06-12,KD19,,H.B. van Tets,1558,1883-06-12,3387,3128,2,2,0.498081841432225,0,1,0.500639386189258,0.500639386189258,0.002557544757033,,,,,,,,
17394,Zutphen,tussentijds,1882-12-05,KD19,,H.B. van Tets,1358,1881-06-14,3369,2783,2,2,0.48796263025512,0,1,0.507725476104923,0.507725476104923,0.019762845849803,28 maart 1884,Zutphen,,,,https://geneagraphie.com/getperson.php?personID=I411713&tree=1,,
17408,Zutphen,tussentijds,01/08/1905,KD19,,R.P.J. Tutein Nolthenius,2835,16/06/1905,8175,6795,3,2,0.417218543046358,0,NA,0.446651949963208,0.446651949963208,0.02943340691685,30 november 1939,"Vaud, Zwitserland",,,Ingenieur,https://nl.wikipedia.org/wiki/Rudolph_Peter_Johann_Tutein_Nolthenius,,
17436,Zwolle,algemeen,1884-10-28,KD12,,S.J. van Roijen,1115,1884-10-28,3042,5154,4,3,0.216336825766395,0,2,0.279782693053939,0.286185487000388,0.063445867287544,16 december 1909,Utrecht,,,arts en homeopatisch geneesheer te Utrecht,https://www.delpher.nl/nl/kranten/view?coll=ddd&query=%28S.J.+van+Roijen+overleden%29&cql%5B%5D=%28date+_gte_+%2201-01-1909%22%29&cql%5B%5D=%28date+_lte_+%2201-02-1910%22%29&redirect=true&identifier=ddd:110559199:mpeg21:a0068&resultsidentifier=ddd:110559199:mpeg21:a0068,,
17437,Zwolle,algemeen,1884-10-28,KD12,,D. Wicherlink,1111,1884-10-28,3042,5154,4,4,0.215560729530462,0,2,0.279782693053939,0.286185487000388,0.064221963523477,,,,,,,,
17445,Zwolle,algemeen,1886-06-15,KD12,,R.A. Fockema,1374,1886-06-15,3220,5839,4,3,0.235314266141463,0,2,0.263230005137866,0.270765542044871,0.027915738996403,,,,,,,,
17446,Zwolle,algemeen,1886-06-15,KD12,,D. Wicherlink,1343,1886-06-15,3220,5839,4,4,0.230005137866073,0,2,0.263230005137866,0.270765542044871,0.033224867271793,,,,,,,,
17454,Zwolle,algemeen,1887-09-01,KD12,,R.A. Fockema,1052,1887-09-01,3193,5038,4,3,0.208813021040095,0,2,0.286224692338229,0.295156808257245,0.077411671298134,26-12-1939,Bloemendaal,,,"Kantonrechter te Ommen, oud-president gerechtshof te Leeuwarden",https://www.delpher.nl/nl/kranten/view?query=mr.+R.A.+Fockema+overleden&coll=ddd&identifier=ddd:010676950:mpeg21:a0048&resultsidentifier=ddd:010676950:mpeg21:a0048,,
17455,Zwolle,algemeen,1887-09-01,KD12,,D. Wicherlink,1038,1887-09-01,3193,5038,4,4,0.206034140531957,0,2,0.286224692338229,0.295156808257245,0.080190551806272,12 december 1915,Ginneken,mr. Daniel Wicherlink,,burgemeester van Steenwijk en wethouder te Zwolle,https://www.geni.com/people/Dani%C3%ABl-Wicherlink/6000000037101792022,,
17585,Zwolle,herstemming,1897-06-25,KD12,,J. Hoven,2175,1897-06-15,6087,4726,2,2,0.46022005924672,0,1,0.53977994075328,0.53977994075328,0.07955988150656,19 januari 1906,Zwolle,,ja,"Wethouder, statenlid",https://www.delpher.nl/nl/kranten/view?query=J.+Hoven+overleden+zwolle&coll=ddd&identifier=ddd:010529393:mpeg21:a0021&resultsidentifier=ddd:010529393:mpeg21:a0021,,
