"","jaar","bevolkingsomvang","RK_number","RK_pct","Hervormd_number","Hervormd_pct","Gereformeerd_number","Gereformeerd_pct","Overig_number","Overig_pct","districtname"
"1",1848,21459,3056,14.2,16091,75,273,1.3,2039,9.5,"Groningen"
"2",1850,21392,3299,15.4,15564,72.8,268,1.3,2261,10.6,"Groningen"
"3",1858,23476,3436,14.6,16939,72.2,650,2.8,2451,10.4,"Groningen"
"4",1864,22540,2888,12.8,16675,74,997,4.4,1980,8.8,"Groningen"
"5",1869,22309,2872,12.9,16428,73.6,1104,4.9,1905,8.5,"Groningen"
"6",1878,23424,3292,14.1,16294,69.6,726,3.1,3112,13.3,"Groningen"
"7",1888,90573,9550,10.5,55166,60.9,13451,14.9,12406,13.7,"Groningen"
"8",1897,66537,8484,12.8,40242,60.5,5226,7.9,12585,18.9,"Groningen"
"9",1909,74613,8756,11.7,34413,46.1,10351,13.9,21093,28.3,"Groningen"
"10",1848,23464,1064,4.5,19347,82.5,2217,9.4,836,3.6,"Onderdendam"
"11",1848,23496,1074,4.6,19357,82.4,1924,8.2,1141,4.9,"Appingedam"
"12",1850,44628,2355,5.3,37029,83,2798,6.3,2446,5.5,"Appingedam"
"13",1858,51754,2679,5.2,42281,81.7,4199,8.1,2595,5,"Appingedam"
"14",1864,46061,2032,4.4,37054,80.4,4898,10.6,2077,4.5,"Appingedam"
"15",1869,42774,2010,4.7,34508,80.7,4221,9.9,2035,4.8,"Appingedam"
"16",1878,45265,1558,3.4,35044,77.4,7090,15.7,1573,3.5,"Appingedam"
"17",1888,43082,1567,3.6,28387,65.9,10398,24.1,2730,6.3,"Appingedam"
"18",1897,45691,1426,3.1,30045,65.8,11366,24.9,2854,6.2,"Appingedam"
"19",1909,48280,1425,3,30307,62.8,12697,26.3,3851,8,"Appingedam"
"20",1848,23749,1681,7.1,19555,82.3,941,4,1572,6.6,"Winschoten"
"21",1864,23442,2090,8.9,17753,75.7,2038,8.7,1561,6.7,"Winschoten"
"22",1869,23442,2090,8.9,17753,75.7,2038,8.7,1561,6.7,"Winschoten"
"23",1878,45332,3734,8.2,35017,77.2,3573,7.9,3008,6.6,"Winschoten"
"24",1888,43612,633,1.5,36457,83.6,3715,8.5,2807,6.4,"Winschoten"
"25",1897,47338,703,1.5,39112,82.6,4241,9,3282,6.9,"Winschoten"
"26",1909,50287,675,1.3,39749,79,5052,10,4811,9.6,"Winschoten"
"27",1848,25729,3189,12.4,20096,78.1,240,0.9,2204,8.6,"Leeuwarden"
"28",1850,45112,5504,12.2,36185,80.2,593,1.3,2830,6.3,"Leeuwarden"
"29",1858,44574,5759,12.9,34761,78,1028,2.3,3026,6.8,"Leeuwarden"
"30",1864,46910,5995,12.8,35718,76.1,2136,4.6,3061,6.5,"Leeuwarden"
"31",1869,44015,4871,11.1,33707,76.6,1943,4.4,3494,7.9,"Leeuwarden"
"32",1878,44868,5169,11.5,33282,74.2,2223,5,4194,9.3,"Leeuwarden"
"33",1888,45768,6335,13.8,30035,65.6,3155,6.9,6243,13.6,"Leeuwarden"
"34",1897,47996,6287,13.1,29702,61.9,4536,9.5,7471,15.6,"Leeuwarden"
"35",1909,53699,6329,11.8,28376,52.8,6460,12,12534,23.3,"Leeuwarden"
"36",1848,23995,406,1.7,21503,89.6,612,2.6,1474,6.1,"Dokkum"
"37",1850,23995,406,1.7,21503,89.6,612,2.6,1474,6.1,"Dokkum"
"38",1858,45352,517,1.1,39466,87,2768,6.1,2601,5.7,"Dokkum"
"39",1864,44181,482,1.1,37370,84.6,3870,8.8,2459,5.6,"Dokkum"
"40",1869,43283,496,1.1,35776,82.7,4904,11.3,2107,4.9,"Dokkum"
"41",1878,46584,487,1,37084,79.6,5912,12.7,3101,6.7,"Dokkum"
"42",1888,41532,882,2.1,24087,58,12713,30.6,3850,9.3,"Dokkum"
"43",1897,41843,887,2.1,21350,51,15358,36.7,4248,10.2,"Dokkum"
"44",1909,43243,913,2.1,20835,48.2,16797,38.8,4698,10.9,"Dokkum"
"45",1848,24742,990,4,20785,84,740,3,2227,9,"Heerenveen"
"46",1848,23537,3607,15.3,17746,75.4,350,1.5,1834,7.8,"Sneek"
"47",1850,44463,4305,9.7,34556,77.7,906,2,4696,10.6,"Sneek"
"48",1858,44125,4585,10.4,34138,77.4,1017,2.3,4385,9.9,"Sneek"
"49",1864,47153,4766,10.1,36710,77.9,1327,2.8,4350,9.2,"Sneek"
"50",1869,63138,6745,10.7,49969,79.1,1914,3,4510,7.1,"Sneek"
"51",1878,72300,7287,10.1,56709,78.4,2920,4,5384,7.4,"Sneek"
"52",1888,45093,6567,14.6,26203,58.1,7176,15.9,5147,11.4,"Sneek"
"53",1897,45423,6362,14,26668,58.7,7742,17,4651,10.2,"Sneek"
"54",1909,46971,6366,13.6,26234,55.9,9195,19.6,5176,11,"Sneek"
"55",1848,23809,2637,11.1,19463,81.7,372,1.6,1337,5.6,"Franeker"
"56",1888,42496,2564,6,28612,67.3,6279,14.8,5041,11.9,"Franeker"
"57",1897,41528,2333,5.6,25901,62.4,6850,16.5,6444,15.5,"Franeker"
"58",1909,42218,2340,5.5,22516,53.3,7957,18.8,9405,22.3,"Franeker"
"59",1848,23510,1714,7.3,19757,84,1152,4.9,887,3.8,"Assen"
"60",1850,45955,2867,6.2,38810,84.5,2645,5.8,1633,3.6,"Assen"
"61",1858,49109,2631,5.4,41089,83.7,3697,7.5,1692,3.4,"Assen"
"62",1864,49018,2421,4.9,40043,81.7,4992,10.2,1562,3.2,"Assen"
"63",1869,45060,2222,4.9,36678,81.4,4648,10.3,1512,3.4,"Assen"
"64",1878,48294,2922,6.1,37824,78.3,5717,11.8,1831,3.8,"Assen"
"65",1888,44323,2298,5.2,36130,81.5,3525,8,2370,5.3,"Assen"
"66",1897,49008,2439,5,39561,80.7,4416,9,2592,5.3,"Assen"
"67",1909,55080,2443,4.4,41730,75.8,5694,10.3,5213,9.5,"Assen"
"68",1848,18746,844,4.5,16079,85.8,1187,6.3,636,3.4,"Hoogeveen"
"69",1848,20624,4137,20.1,15226,73.8,407,2,854,4.1,"Zwolle"
"70",1850,43483,9586,22,31322,72,1191,2.7,1384,3.2,"Zwolle"
"71",1858,48558,10447,21.5,34469,71,2052,4.2,1590,3.3,"Zwolle"
"72",1864,45622,7462,16.4,33172,72.7,3389,7.4,1599,3.5,"Zwolle"
"73",1869,43259,7396,17.1,31140,72,3153,7.3,1570,3.6,"Zwolle"
"74",1878,47834,8221,17.2,34182,71.5,3781,7.9,1650,3.4,"Zwolle"
"75",1888,43622,11540,26.5,26790,61.4,3266,7.5,2026,4.6,"Zwolle"
"76",1897,47996,12002,25,29891,62.3,3763,7.8,2340,4.9,"Zwolle"
"77",1909,53030,12705,24,31908,60.2,5166,9.7,3251,6.1,"Zwolle"
"78",1848,19477,2190,11.2,15516,79.7,295,1.5,1476,7.6,"Kampen"
"79",1888,43324,3556,8.2,31200,72,6970,16.1,1598,3.7,"Kampen"
"80",1897,45729,3496,7.6,31168,68.2,9115,19.9,1950,4.3,"Kampen"
"81",1909,48085,3365,7,32412,67.4,9555,19.9,2753,5.7,"Kampen"
"82",1848,20729,7030,33.9,12957,62.5,232,1.1,510,2.5,"Deventer"
"83",1850,22439,4503,20.1,17245,76.9,178,0.8,513,2.3,"Deventer"
"84",1858,24293,4578,18.8,18906,77.8,225,0.9,584,2.4,"Deventer"
"85",1864,45304,10098,22.3,33473,73.9,803,1.8,930,2.1,"Deventer"
"86",1869,45304,10098,22.3,33473,73.9,803,1.8,930,2.1,"Deventer"
"87",1878,46705,10670,22.8,33421,71.6,1675,3.6,939,2,"Deventer"
"88",1888,42088,9282,22.1,29891,71,1059,2.5,1856,4.4,"Deventer"
"89",1897,46644,10028,21.5,33155,71.1,1014,2.2,2447,5.2,"Deventer"
"90",1909,49645,10670,21.5,33292,67.1,1630,3.3,4053,8.2,"Deventer"
"91",1848,25078,9376,37.4,14300,57,690,2.8,712,2.8,"Almelo"
"92",1850,44908,21452,47.8,21508,47.9,692,1.5,2640,5.9,"Almelo"
"93",1858,48706,22373,45.9,24037,49.4,999,2.1,1297,2.7,"Almelo"
"94",1864,47765,22233,46.5,23068,48.3,1200,2.5,1264,2.6,"Almelo"
"95",1869,47765,22233,46.5,23068,48.3,1200,2.5,1264,2.6,"Almelo"
"96",1878,45411,22131,48.7,21139,46.6,791,1.7,1350,3,"Almelo"
"97",1888,44890,22857,50.9,18549,41.3,2131,4.7,1353,3,"Almelo"
"98",1897,50452,23934,47.4,21482,42.6,3314,6.6,1722,3.4,"Almelo"
"99",1909,56708,26075,46,22911,40.4,4356,7.7,3366,5.9,"Almelo"
"100",1848,22576,12343,54.7,9642,42.7,11,0,580,2.6,"Enschede"
"101",1888,46914,21378,45.6,22493,47.9,1000,2.1,2043,4.4,"Enschede"
"102",1897,68274,28195,41.3,34650,50.8,2087,3.1,3342,4.9,"Enschede"
"103",1909,94092,35804,38.1,44048,46.8,4707,5,9533,10.1,"Enschede"
"104",1848,24097,5891,24.4,16961,70.4,322,1.3,923,3.8,"Arnhem"
"105",1850,44196,8687,19.7,33833,76.6,392,0.9,1284,2.9,"Arnhem"
"106",1858,46770,11987,25.6,32902,70.3,394,0.8,1487,3.2,"Arnhem"
"107",1864,48350,14795,30.6,31677,65.5,216,0.4,1662,3.4,"Arnhem"
"108",1869,42325,14380,34,26266,62.1,205,0.5,1474,3.5,"Arnhem"
"109",1878,45748,18043,39.4,25344,55.4,202,0.4,2159,4.7,"Arnhem"
"110",1888,49727,20343,40.9,22698,45.6,1917,3.9,4769,9.6,"Arnhem"
"111",1897,56812,22781,40.1,26288,46.3,1880,3.3,5863,10.3,"Arnhem"
"112",1909,64019,25200,39.4,26875,42,3307,5.2,8637,13.5,"Arnhem"
"113",1848,22497,1403,6.2,20120,89.4,616,2.7,358,1.6,"Harderwijk"
"114",1848,23689,4863,20.5,18129,76.5,71,0.3,626,2.6,"Zutphen"
"115",1850,44122,12461,28.2,30138,68.3,359,0.8,1164,2.6,"Zutphen"
"116",1858,46147,12764,27.7,31528,68.3,582,1.3,1273,2.8,"Zutphen"
"117",1864,48101,12785,26.6,33355,69.3,694,1.4,1267,2.6,"Zutphen"
"118",1869,48101,12785,26.6,33355,69.3,694,1.4,1267,2.6,"Zutphen"
"119",1878,46202,11418,24.7,32690,70.8,740,1.6,1354,2.9,"Zutphen"
"120",1888,44372,9468,21.3,31637,71.3,1358,3.1,1909,4.3,"Zutphen"
"121",1897,45627,9217,20.2,32935,72.2,1273,2.8,2202,4.8,"Zutphen"
"122",1909,47609,9646,20.3,33492,70.3,1791,3.8,2680,5.6,"Zutphen"
"123",1848,22980,6561,28.6,15784,68.7,260,1.1,375,1.6,"Ruurlo"
"124",1848,22612,14696,65,7411,32.8,118,0.5,387,1.7,"Doetinchem"
"125",1888,46058,15812,34.3,25610,55.6,3534,7.7,1102,2.4,"Doetinchem"
"126",1897,51560,17135,33.2,28870,56,4000,7.8,1555,3,"Doetinchem"
"127",1909,60585,19750,32.6,33420,55.2,5209,8.6,2206,3.6,"Doetinchem"
"128",1848,23497,11036,47,12089,51.4,58,0.2,314,1.3,"Elst"
"129",1888,43835,23164,52.8,18587,42.4,1266,2.9,818,1.9,"Elst"
"130",1897,47142,23772,50.4,20597,43.7,1604,3.4,1169,2.5,"Elst"
"131",1909,50747,24864,49,21497,42.4,2469,4.9,1917,3.8,"Elst"
"132",1848,22886,18936,82.7,3379,14.8,1,0,570,2.5,"Nijmegen"
"133",1850,45896,37521,81.8,7588,16.5,35,0.1,752,1.6,"Nijmegen"
"134",1858,47488,40421,85.1,6314,13.3,29,0.1,724,1.5,"Nijmegen"
"135",1864,47926,40789,85.1,6415,13.4,56,0.1,666,1.4,"Nijmegen"
"136",1869,44488,37569,84.4,6201,13.9,56,0.1,662,1.5,"Nijmegen"
"137",1878,46171,39219,84.9,6235,13.5,50,0.1,667,1.4,"Nijmegen"
"138",1888,44875,34561,77,8454,18.8,501,1.1,1359,3,"Nijmegen"
"139",1897,56859,42476,74.7,11585,20.4,369,0.6,2429,4.3,"Nijmegen"
"140",1909,70894,53225,75.1,12064,17,1981,2.8,3624,5.1,"Nijmegen"
"141",1848,23753,6553,27.6,16327,68.7,423,1.8,450,1.9,"Zaltbommel"
"142",1848,21871,7889,36.1,12153,55.6,46,0.2,1783,8.2,"Utrecht"
"143",1850,41406,15900,38.4,23033,55.6,237,0.6,2236,5.4,"Utrecht"
"144",1858,44035,16782,38.1,24554,55.8,276,0.6,2423,5.5,"Utrecht"
"145",1864,48216,17698,36.7,27582,57.2,349,0.7,2587,5.4,"Utrecht"
"146",1869,44390,15392,34.7,26086,58.8,348,0.8,2564,5.8,"Utrecht"
"147",1878,43752,15329,35,25575,58.5,258,0.6,2590,5.9,"Utrecht"
"148",1888,92373,32020,34.7,48476,52.5,5204,5.6,6673,7.2,"Utrecht"
"149",1848,25306,8632,34.1,15493,61.2,383,1.5,798,3.2,"Amersfoort"
"150",1850,46430,14540,31.3,29625,63.8,498,1.1,1767,3.8,"Amersfoort"
"151",1858,45935,13964,30.4,29667,64.6,723,1.6,1581,3.4,"Amersfoort"
"152",1864,49196,14800,30.1,31952,64.9,913,1.9,1531,3.1,"Amersfoort"
"153",1869,46640,13325,28.6,30753,65.9,911,2,1651,3.5,"Amersfoort"
"154",1878,49209,8813,17.9,37957,77.1,1291,2.6,1148,2.3,"Amersfoort"
"155",1888,44865,15153,33.8,23092,51.5,4694,10.5,1926,4.3,"Amersfoort"
"156",1897,61071,17892,29.3,33497,54.8,7001,11.5,2681,4.4,"Amersfoort"
"157",1909,76196,20379,26.7,40692,53.4,9930,13,5195,6.8,"Amersfoort"
"158",1848,25501,11041,43.3,13745,53.9,303,1.2,412,1.6,"Ysselstein"
"159",1848,25538,6059,23.7,16635,65.1,83,0.3,2761,10.8,"Alkmaar"
"160",1850,44163,12530,28.4,25618,58,118,0.3,5897,13.4,"Alkmaar"
"161",1858,46005,11881,25.8,27563,59.9,336,0.7,6225,13.5,"Alkmaar"
"162",1864,45895,12908,28.1,27947,60.9,709,1.5,4331,9.4,"Alkmaar"
"163",1869,42802,11439,26.7,26601,62.1,688,1.6,4074,9.5,"Alkmaar"
"164",1878,47788,12975,27.2,29537,61.8,860,1.8,4416,9.2,"Alkmaar"
"165",1888,45032,15612,34.7,24598,54.6,1600,3.6,3222,7.2,"Alkmaar"
"166",1897,48430,17154,35.4,25828,53.3,1639,3.4,3809,7.9,"Alkmaar"
"167",1909,55550,20492,36.9,26467,47.6,2764,5,5827,10.5,"Alkmaar"
"168",1848,24264,8942,36.9,13935,57.4,205,0.8,1182,4.9,"Hoorn"
"169",1850,44904,13155,29.3,28503,63.5,232,0.5,3014,6.7,"Hoorn"
"170",1858,48156,13576,28.2,30463,63.3,959,2,3158,6.6,"Hoorn"
"171",1864,44216,12973,29.3,26993,61,1265,2.9,2985,6.8,"Hoorn"
"172",1869,40612,12775,31.5,23841,58.7,1238,3,2758,6.8,"Hoorn"
"173",1878,43705,14188,32.5,25049,57.3,1582,3.6,2886,6.6,"Hoorn"
"174",1888,43245,13324,30.8,24891,57.6,957,2.2,4073,9.4,"Hoorn"
"175",1897,42257,13461,31.9,23509,55.6,1330,3.1,3957,9.4,"Hoorn"
"176",1909,42691,14309,33.5,22220,52,1575,3.7,4587,10.7,"Hoorn"
"177",1848,21524,6971,32.4,12802,59.5,95,0.4,1656,7.7,"Edam"
"178",1848,22694,5158,22.7,14151,62.4,52,0.2,3333,14.7,"Zaandam"
"179",1888,45459,5661,12.5,27047,59.5,3531,7.8,9220,20.3,"Zaandam"
"180",1897,53511,6923,12.9,31882,59.6,3581,6.7,11125,20.8,"Zaandam"
"181",1909,59950,8011,13.4,30754,51.3,4811,8,16374,27.3,"Zaandam"
"182",1848,22577,10462,46.3,9477,42,4,0,2634,11.7,"Haarlem"
"183",1850,21827,10017,45.9,9624,44.1,88,0.4,2098,9.6,"Haarlem"
"184",1858,20852,9551,45.8,8988,43.1,47,0.2,2266,10.9,"Haarlem"
"185",1864,46585,15952,34.2,24147,51.8,690,1.5,5796,12.4,"Haarlem"
"186",1869,42376,13904,32.8,22629,53.4,327,0.8,5516,13,"Haarlem"
"187",1878,47035,14758,31.4,25401,54,726,1.5,6150,13.1,"Haarlem"
"188",1888,50500,19038,37.7,21669,42.9,1718,3.4,8075,16,"Haarlem"
"189",1897,64079,24373,38,27648,43.1,2108,3.3,9950,15.5,"Haarlem"
"190",1909,69410,25738,37.1,24107,34.7,4215,6.1,15350,22.1,"Haarlem"
"191",1848,18496,5514,29.8,11687,63.2,116,0.6,1179,6.4,"Leiden"
"192",1850,43430,14708,33.9,25739,59.3,577,1.3,2406,5.5,"Leiden"
"193",1858,43986,15631,35.5,24933,56.7,1184,2.7,2238,5.1,"Leiden"
"194",1864,42720,14922,34.9,23962,56.1,2127,5,1709,4,"Leiden"
"195",1869,40538,13377,33,23525,58,1968,4.9,1668,4.1,"Leiden"
"196",1878,43377,14940,34.4,24678,56.9,1956,4.5,1803,4.2,"Leiden"
"197",1888,43379,10831,25,26778,61.7,2462,5.7,3308,7.6,"Leiden"
"198",1897,53657,13847,25.8,31392,58.5,3479,6.5,4939,9.2,"Leiden"
"199",1909,58253,15040,25.8,30273,52,4892,8.4,8048,13.8,"Leiden"
"200",1848,21148,8177,38.7,12008,56.8,430,2,533,2.5,"Leiderdorp"
"201",1848,20920,7024,33.6,12629,60.4,192,0.9,1075,5.1,"Gouda"
"202",1850,44023,12431,28.2,29651,67.4,450,1,1491,3.4,"Gouda"
"203",1858,44339,12291,27.7,30015,67.7,526,1.2,1507,3.4,"Gouda"
"204",1864,46631,12491,26.8,31959,68.5,855,1.8,1326,2.8,"Gouda"
"205",1869,43917,11874,27,29882,68,824,1.9,1337,3,"Gouda"
"206",1878,44946,9806,21.8,32747,72.9,859,1.9,1534,3.4,"Gouda"
"207",1888,44072,8229,18.7,28961,65.7,4651,10.6,2231,5.1,"Gouda"
"208",1897,53549,9131,17.1,36775,68.7,4600,8.6,3043,5.7,"Gouda"
"209",1909,61585,10215,16.6,40752,66.2,6614,10.7,4004,6.5,"Gouda"
"210",1848,21349,2375,11.1,17947,84.1,591,2.8,436,2,"Gorinchem"
"211",1850,22389,3010,13.4,17464,78,1523,6.8,392,1.8,"Gorinchem"
"212",1858,45546,9207,20.2,33260,73,2376,5.2,703,1.5,"Gorinchem"
"213",1864,47710,9493,19.9,34544,72.4,3004,6.3,669,1.4,"Gorinchem"
"214",1869,42558,8698,20.4,30582,71.9,2746,6.5,532,1.3,"Gorinchem"
"215",1878,46304,7775,16.8,34349,74.2,3092,6.7,1088,2.3,"Gorinchem"
"216",1888,43974,3019,6.9,34177,77.7,5946,13.5,832,1.9,"Gorinchem"
"217",1897,45870,2730,6,35272,76.9,7019,15.3,849,1.9,"Gorinchem"
"218",1909,48200,2457,5.1,36044,74.8,8528,17.7,1171,2.4,"Gorinchem"
"219",1848,21228,1252,5.9,18937,89.2,315,1.5,724,3.4,"Dordrecht"
"220",1850,43405,1734,4,40031,92.2,683,1.6,957,2.2,"Dordrecht"
"221",1858,42814,1827,4.3,39256,91.7,738,1.7,993,2.3,"Dordrecht"
"222",1864,49185,2012,4.1,45010,91.5,960,2,1203,2.4,"Dordrecht"
"223",1869,43564,1735,4,39880,91.5,1021,2.3,928,2.1,"Dordrecht"
"224",1878,46704,2000,4.3,41748,89.4,1873,4,1083,2.3,"Dordrecht"
"225",1888,46730,4767,10.2,36445,78,2981,6.4,2537,5.4,"Dordrecht"
"226",1897,54803,5798,10.6,39905,72.8,5169,9.4,3931,7.2,"Dordrecht"
"227",1909,62281,6448,10.4,41527,66.7,7292,11.7,7014,11.3,"Dordrecht"
"228",1848,20842,8465,40.6,11435,54.9,150,0.7,792,3.8,"Delft"
"229",1850,42979,12546,29.2,28629,66.6,387,0.9,1417,3.3,"Delft"
"230",1858,45523,12219,26.8,31449,69.1,516,1.1,1339,2.9,"Delft"
"231",1864,46592,12473,26.8,31333,67.2,1524,3.3,1262,2.7,"Delft"
"232",1869,44524,16753,37.6,25001,56.2,1424,3.2,1346,3,"Delft"
"233",1878,44535,15826,35.5,25953,58.3,1523,3.4,1233,2.8,"Delft"
"234",1888,45274,16052,35.5,23316,51.5,3662,8.1,2244,5,"Delft"
"235",1897,52621,18335,34.8,26652,50.6,4590,8.7,3044,5.8,"Delft"
"236",1909,55081,19628,35.6,25061,45.5,5608,10.2,4784,8.7,"Delft"
"237",1848,20702,5549,26.8,14413,69.6,226,1.1,514,2.5,"Schiedam"
"238",1888,45301,14015,30.9,26012,57.4,3652,8.1,1622,3.6,"Schiedam"
"239",1897,51385,14667,28.5,29281,57,5508,10.7,1929,3.8,"Schiedam"
"240",1909,61611,16446,26.7,31853,51.7,8043,13.1,5269,8.6,"Schiedam"
"241",1848,21089,507,2.4,20053,95.1,269,1.3,260,1.2,"Ridderkerk"
"242",1888,45762,581,1.3,36658,80.1,8006,17.5,517,1.1,"Ridderkerk"
"243",1897,45806,611,1.3,35684,77.9,9031,19.7,480,1,"Ridderkerk"
"244",1909,51067,855,1.7,37971,74.4,10711,21,1530,3,"Ridderkerk"
"245",1848,22010,1565,7.1,19861,90.2,136,0.6,448,2,"Brielle"
"246",1869,21677,890,4.1,19732,91,509,2.3,546,2.5,"Brielle"
"247",1878,24043,965,4,21765,90.5,972,4,341,1.4,"Brielle"
"248",1888,43977,1882,4.3,35120,79.9,6338,14.4,637,1.4,"Brielle"
"249",1897,44505,2011,4.5,35293,79.3,6388,14.4,813,1.8,"Brielle"
"250",1909,47332,2394,5.1,35020,74,7404,15.6,2514,5.3,"Brielle"
"251",1848,19574,2404,12.3,15932,81.4,217,1.1,1021,5.2,"Middelburg"
"252",1850,44506,14991,33.7,27925,62.7,359,0.8,1231,2.8,"Middelburg"
"253",1858,44688,15006,33.6,27858,62.3,601,1.3,1223,2.7,"Middelburg"
"254",1864,49378,18967,38.4,28365,57.4,1042,2.1,1004,2,"Middelburg"
"255",1869,49378,18967,38.4,28365,57.4,1042,2.1,1004,2,"Middelburg"
"256",1878,43408,11860,27.3,28828,66.4,1727,4,993,2.3,"Middelburg"
"257",1888,45892,5128,11.2,31103,67.8,6875,15,2786,6.1,"Middelburg"
"258",1897,57107,6827,12,37277,65.3,9646,16.9,3357,5.9,"Middelburg"
"259",1909,62794,7407,11.8,37371,59.5,11451,18.2,6565,10.5,"Middelburg"
"260",1848,18870,1365,7.2,17090,90.6,255,1.4,160,0.8,"Zierikzee"
"261",1850,22199,1864,8.4,19842,89.4,224,1,269,1.2,"Zierikzee"
"262",1858,23536,1789,7.6,20692,87.9,763,3.2,292,1.2,"Zierikzee"
"263",1864,22443,1750,7.8,19613,87.4,838,3.7,242,1.1,"Zierikzee"
"264",1869,22443,1750,7.8,19613,87.4,838,3.7,242,1.1,"Zierikzee"
"265",1878,23413,1647,7,20207,86.3,1214,5.2,345,1.5,"Zierikzee"
"266",1888,42779,2309,5.4,35298,82.5,4358,10.2,814,1.9,"Zierikzee"
"267",1897,44028,2070,4.7,36241,82.3,4810,10.9,907,2.1,"Zierikzee"
"268",1909,46029,2034,4.4,35802,77.8,5555,12.1,2638,5.7,"Zierikzee"
"269",1848,20547,9712,47.3,10060,49,605,2.9,170,0.8,"Goes"
"270",1850,22461,5244,23.3,16367,72.9,670,3,180,0.8,"Goes"
"271",1858,24157,5554,23,17107,70.8,1130,4.7,366,1.5,"Goes"
"272",1864,26587,3325,12.5,20533,77.2,2472,9.3,257,1,"Goes"
"273",1869,26587,3325,12.5,20533,77.2,2472,9.3,257,1,"Goes"
"274",1878,46475,18898,40.7,23421,50.4,3669,7.9,487,1,"Goes"
"275",1888,43868,3674,8.4,32743,74.6,6070,13.8,1381,3.1,"Goes"
"276",1897,42575,3703,8.7,31004,72.8,6633,15.6,1235,2.9,"Goes"
"277",1909,45564,3898,8.6,30823,67.6,6139,13.5,4704,10.3,"Goes"
"278",1848,19845,7697,38.8,11803,59.5,142,0.7,203,1,"Sluis"
"279",1848,20702,18310,88.4,2212,10.7,11,0.1,169,0.8,"Bergen op Zoom"
"280",1888,45763,41736,91.2,3373,7.4,367,0.8,287,0.6,"Bergen op Zoom"
"281",1897,51254,47092,91.9,3333,6.5,454,0.9,375,0.7,"Bergen op Zoom"
"282",1909,59407,54715,92.1,3369,5.7,777,1.3,546,0.9,"Bergen op Zoom"
"283",1848,20482,18220,89,1877,9.2,5,0,380,1.9,"Breda"
"284",1850,44390,37085,83.5,6644,15,90,0.2,571,1.3,"Breda"
"285",1858,46138,38620,83.7,6869,14.9,85,0.2,564,1.2,"Breda"
"286",1864,48251,40941,84.9,6586,13.6,231,0.5,493,1,"Breda"
"287",1869,48251,40941,84.9,6586,13.6,231,0.5,493,1,"Breda"
"288",1878,44537,41322,92.8,2858,6.4,8,0,349,0.8,"Breda"
"289",1888,45480,39724,87.3,4765,10.5,115,0.3,876,1.9,"Breda"
"290",1897,52138,45806,87.9,5120,9.8,146,0.3,1066,2,"Breda"
"291",1909,57519,51315,89.2,4196,7.3,701,1.2,1307,2.3,"Breda"
"292",1848,20585,15089,73.3,5270,25.6,119,0.6,107,0.5,"Zevenbergen"
"293",1878,22345,11933,53.4,9638,43.1,660,3,114,0.5,"Zevenbergen"
"294",1888,42494,28216,66.4,11060,26,3016,7.1,202,0.5,"Zevenbergen"
"295",1897,46114,30879,67,11562,25.1,3446,7.5,227,0.5,"Zevenbergen"
"296",1909,50912,34815,68.4,12101,23.8,3789,7.4,207,0.4,"Zevenbergen"
"297",1848,21818,21044,96.5,645,3,3,0,126,0.6,"Tilburg"
"298",1850,44360,38586,87,5376,12.1,134,0.3,264,0.6,"Tilburg"
"299",1858,44400,39542,89.1,4506,10.1,128,0.3,224,0.5,"Tilburg"
"300",1864,48898,43597,89.2,4809,9.8,234,0.5,258,0.5,"Tilburg"
"301",1869,46495,41295,88.8,4716,10.1,234,0.5,250,0.5,"Tilburg"
"302",1878,46547,44858,96.4,1460,3.1,10,0,219,0.5,"Tilburg"
"303",1888,46295,44813,96.8,1119,2.4,91,0.2,272,0.6,"Tilburg"
"304",1897,53935,52481,97.3,1080,2,117,0.2,257,0.5,"Tilburg"
"305",1909,65079,63365,97.4,1158,1.8,200,0.3,356,0.5,"Tilburg"
"306",1848,22428,21905,97.7,418,1.9,0,0,105,0.5,"Eindhoven"
"307",1850,44838,44052,98.2,650,1.4,0,0,136,0.3,"Eindhoven"
"308",1858,46075,45252,98.2,655,1.4,1,0,167,0.4,"Eindhoven"
"309",1864,45345,44406,97.9,697,1.5,0,0,242,0.5,"Eindhoven"
"310",1869,40378,39375,97.5,776,1.9,0,0,227,0.6,"Eindhoven"
"311",1878,44326,43221,97.5,910,2.1,6,0,189,0.4,"Eindhoven"
"312",1888,42043,40842,97.1,804,1.9,43,0.1,354,0.8,"Eindhoven"
"313",1897,45141,43879,97.2,845,1.9,24,0.1,393,0.9,"Eindhoven"
"314",1909,54804,53262,97.2,881,1.6,115,0.2,546,1,"Eindhoven"
"315",1848,23735,23306,98.2,384,1.6,0,0,45,0.2,"Helmond"
"316",1888,38860,37956,97.7,740,1.9,96,0.2,68,0.2,"Helmond"
"317",1897,41924,41010,97.8,773,1.8,47,0.1,94,0.2,"Helmond"
"318",1909,48659,47406,97.4,989,2,104,0.2,160,0.3,"Helmond"
"319",1848,20672,18613,90,1518,7.3,0,0,541,2.6,"Maastricht"
"320",1850,45493,43109,94.8,1685,3.7,0,0,699,1.5,"Maastricht"
"321",1858,48124,46089,95.8,1274,2.6,1,0,761,1.6,"Maastricht"
"322",1864,49262,47543,96.5,1041,2.1,3,0,675,1.4,"Maastricht"
"323",1869,44782,43075,96.2,1029,2.3,3,0,675,1.5,"Maastricht"
"324",1878,45604,44291,97.1,766,1.7,3,0,544,1.2,"Maastricht"
"325",1888,45714,43711,95.6,1080,2.4,47,0.1,876,1.9,"Maastricht"
"326",1897,51000,49158,96.4,1027,2,10,0,805,1.6,"Maastricht"
"327",1909,59393,57343,96.5,1084,1.8,130,0.2,836,1.4,"Maastricht"
"328",1848,19194,18878,98.4,206,1.1,0,0,110,0.6,"Sittard"
"329",1888,43015,42391,98.5,334,0.8,3,0,287,0.7,"Sittard"
"330",1897,45692,45092,98.7,355,0.8,2,0,243,0.5,"Sittard"
"331",1909,51632,50687,98.2,496,1,74,0.1,375,0.7,"Sittard"
"332",1848,20414,20135,98.6,135,0.7,0,0,144,0.7,"Heerlen"
"333",1848,21699,21408,98.7,195,0.9,0,0,96,0.4,"Roermond"
"334",1850,45959,44790,97.5,861,1.9,0,0,308,0.7,"Roermond"
"335",1858,48062,47128,98.1,657,1.4,1,0,276,0.6,"Roermond"
"336",1864,50989,50008,98.1,656,1.3,1,0,324,0.6,"Roermond"
"337",1869,44766,44114,98.5,430,1,1,0,221,0.5,"Roermond"
"338",1878,46536,45879,98.6,428,0.9,1,0,228,0.5,"Roermond"
"339",1888,42080,41426,98.4,467,1.1,14,0,173,0.4,"Roermond"
"340",1897,45076,44288,98.3,571,1.3,9,0,208,0.5,"Roermond"
"341",1909,50537,49761,98.5,513,1,47,0.1,216,0.4,"Roermond"
"342",1848,21537,20804,96.6,590,2.7,0,0,143,0.7,"Venlo"
"343",1888,44101,42796,97,957,2.2,12,0,336,0.8,"Venlo"
"344",1897,49476,48031,97.1,1053,2.1,12,0,380,0.8,"Venlo"
"345",1909,58068,56556,97.4,884,1.5,207,0.4,421,0.7,"Venlo"
"346",1848,22670,21872,96.5,566,2.5,1,0,231,1,"Grave"
"347",1888,45384,44155,97.3,722,1.6,57,0.1,450,1,"Grave"
"348",1897,45615,44594,97.8,630,1.4,1,0,390,0.9,"Grave"
"349",1909,48241,47249,97.9,602,1.2,31,0.1,359,0.7,"Grave"
"350",1848,23922,21507,89.9,1999,8.4,35,0.1,381,1.6,"Den Bosch"
"351",1850,44583,40831,91.6,3123,7,50,0.1,579,1.3,"Den Bosch"
"352",1858,45118,41591,92.2,2888,6.4,40,0.1,599,1.3,"Den Bosch"
"353",1864,46793,43821,93.6,2349,5,76,0.2,547,1.2,"Den Bosch"
"354",1869,43817,41053,93.7,2186,5,76,0.2,502,1.1,"Den Bosch"
"355",1878,46649,44044,94.4,1942,4.2,69,0.1,594,1.3,"Den Bosch"
"356",1888,46916,42586,90.8,3224,6.9,318,0.7,788,1.7,"Den Bosch"
"357",1897,51922,47554,91.6,3118,6,394,0.8,856,1.6,"Den Bosch"
"358",1909,59306,54775,92.4,2886,4.9,699,1.2,946,1.6,"Den Bosch"
"359",1848,20696,10708,51.7,8593,41.5,1220,5.9,175,0.8,"Heusden"
"360",1850,22449,912,4.1,18783,83.7,1983,8.8,771,3.4,"Zuidhorn"
"361",1858,23449,1130,4.8,18557,79.1,2865,12.2,897,3.8,"Zuidhorn"
"362",1864,24524,1399,5.7,17889,72.9,4385,17.9,851,3.5,"Zuidhorn"
"363",1869,22453,1407,6.3,16551,73.7,3683,16.4,812,3.6,"Zuidhorn"
"364",1878,23968,831,3.5,16989,70.9,5272,22,876,3.7,"Zuidhorn"
"365",1888,42568,1368,3.2,25119,59,13695,32.2,2386,5.6,"Zuidhorn"
"366",1897,43272,1422,3.3,24412,56.4,15459,35.7,1979,4.6,"Zuidhorn"
"367",1909,46505,2407,5.2,24866,53.5,16469,35.4,2763,5.9,"Zuidhorn"
"368",1850,22176,1699,7.7,18900,85.2,376,1.7,1201,5.4,"Steenwijk"
"369",1858,21421,1738,8.1,17839,83.3,578,2.7,1266,5.9,"Steenwijk"
"370",1864,22558,1772,7.9,18655,82.7,976,4.3,1155,5.1,"Steenwijk"
"371",1869,22276,1198,5.4,18529,83.2,1400,6.3,1149,5.2,"Steenwijk"
"372",1878,23042,1445,6.3,18783,81.5,1627,7.1,1187,5.2,"Steenwijk"
"373",1888,41916,2089,5,30067,71.7,6673,15.9,3087,7.4,"Steenwijk"
"374",1897,41430,2191,5.3,29876,72.1,6697,16.2,2666,6.4,"Steenwijk"
"375",1909,43011,2262,5.3,29984,69.7,7027,16.3,3738,8.7,"Steenwijk"
"376",1850,22458,7548,33.6,14107,62.8,426,1.9,377,1.7,"Tiel"
"377",1858,22659,3780,16.7,18255,80.6,130,0.6,494,2.2,"Tiel"
"378",1864,24571,4067,16.6,19836,80.7,144,0.6,524,2.1,"Tiel"
"379",1869,45954,12938,28.2,31891,69.4,376,0.8,749,1.6,"Tiel"
"380",1878,46278,9840,21.3,35188,76,463,1,787,1.7,"Tiel"
"381",1888,43735,5950,13.6,36163,82.7,922,2.1,700,1.6,"Tiel"
"382",1897,46353,5776,12.5,38703,83.5,1181,2.5,693,1.5,"Tiel"
"383",1909,48331,5889,12.2,39798,82.3,1446,3,1198,2.5,"Tiel"
"384",1878,24417,9262,37.9,13636,55.8,419,1.7,1100,4.5,"Hilversum"
"385",1888,47587,17484,36.7,24194,50.8,2981,6.3,2928,6.2,"Hilversum"
"386",1897,62239,20682,33.2,32100,51.6,4270,6.9,5187,8.3,"Hilversum"
"387",1909,88360,27371,31,40046,45.3,8456,9.6,12487,14.1,"Hilversum"
"388",1850,102664,22043,21.5,48834,47.6,261,0.3,31526,30.7,"Amsterdam"
"389",1858,117339,25926,22.1,57601,49.1,467,0.4,33345,28.4,"Amsterdam"
"390",1864,128036,28584,22.3,62383,48.7,1025,0.8,36044,28.2,"Amsterdam"
"391",1869,122061,26223,21.5,59345,48.6,852,0.7,35641,29.2,"Amsterdam"
"392",1878,156877,35398,22.6,76152,48.5,1301,0.8,44026,28.1,"Amsterdam"
"393",1888,432964,99313,22.9,174139,40.2,35244,8.1,124268,28.7,"Amsterdam"
"394",1869,21466,9031,42.1,10500,48.9,660,3.1,1275,5.9,"Haarlemmermeer"
"395",1878,25800,11190,43.4,12788,49.6,671,2.6,1151,4.5,"Haarlemmermeer"
"396",1888,46402,19299,41.6,20025,43.2,4478,9.7,4923,10.6,"Haarlemmermeer"
"397",1897,57876,24584,42.5,22652,39.1,7268,12.6,3372,5.8,"Haarlemmermeer"
"398",1909,70914,29777,42,25889,36.5,9060,12.8,6188,8.7,"Haarlemmermeer"
"399",1850,40700,12001,29.5,23045,56.6,146,0.4,5508,13.5,"Rotterdam"
"400",1858,63157,19463,30.8,36627,58,432,0.7,6635,10.5,"Rotterdam"
"401",1864,72447,21968,30.3,40910,56.5,2330,3.2,7239,10,"Rotterdam"
"402",1869,61711,17747,28.8,35018,56.7,2064,3.3,6882,11.2,"Rotterdam"
"403",1878,90762,27572,30.4,52886,58.3,1290,1.4,9014,9.9,"Rotterdam"
"404",1888,231552,62176,26.9,128996,55.7,17280,7.5,23100,10,"Rotterdam"
"405",1850,40893,14279,34.9,22464,54.9,160,0.4,3990,9.8,"Den Haag"
"406",1858,40995,13852,33.8,22879,55.8,223,0.5,4041,9.9,"Den Haag"
"407",1864,46686,15982,34.2,25827,55.3,406,0.9,4471,9.6,"Den Haag"
"408",1869,43359,13857,32,24744,57.1,356,0.8,4402,10.2,"Den Haag"
"409",1878,51861,16124,31.1,30090,58,451,0.9,5196,10,"Den Haag"
"410",1888,156809,48365,30.8,85807,54.7,5704,3.6,16933,10.8,"Den Haag"
"411",1850,23079,22372,96.9,551,2.4,1,0,155,0.7,"Boxmeer"
"412",1858,22065,21736,98.5,227,1,0,0,102,0.5,"Boxmeer"
"413",1864,22528,22222,98.6,216,1,0,0,90,0.4,"Boxmeer"
"414",1869,43577,42685,98,631,1.4,0,0,261,0.6,"Boxmeer"
"415",1878,44783,43391,96.9,1136,2.5,5,0,251,0.6,"Boxmeer"
"416",1888,44066,4904,11.1,29473,66.9,5618,12.7,4071,9.2,"Veendam"
"417",1897,50263,5294,10.5,32638,64.9,6460,12.9,5871,11.7,"Veendam"
"418",1909,58045,5826,10,35909,61.9,7660,13.2,8650,14.9,"Veendam"
"419",1888,47298,5322,11.3,34700,73.4,5903,12.5,1373,2.9,"Emmen"
"420",1897,57766,6337,11,41752,72.3,7886,13.7,1791,3.1,"Emmen"
"421",1909,73017,7851,10.8,50791,69.6,10808,14.8,3567,4.9,"Emmen"
"422",1888,42111,5781,13.7,25287,60,6044,14.4,4999,11.9,"Harlingen"
"423",1897,42238,5731,13.6,23741,56.2,7691,18.2,5075,12,"Harlingen"
"424",1909,42732,6012,14.1,20888,48.9,8250,19.3,7582,17.7,"Harlingen"
"425",1888,45522,1441,3.2,26851,59,5600,12.3,11630,25.5,"Schoterland"
"426",1897,46192,1312,2.8,31543,68.3,4688,10.1,8649,18.7,"Schoterland"
"427",1909,49011,1355,2.8,28651,58.5,5874,12,13131,26.8,"Schoterland"
"428",1888,42419,52,0.1,24257,57.2,14595,34.4,3515,8.3,"Bergum"
"429",1888,43265,2794,6.5,30977,71.6,4858,11.2,4636,10.7,"Wolvega"
"430",1888,41666,898,2.2,29992,72,7812,18.7,2964,7.1,"Meppel"
"431",1897,44365,976,2.2,31405,70.8,9049,20.4,2935,6.6,"Meppel"
"432",1909,48815,1178,2.4,33289,68.2,10091,20.7,4257,8.7,"Meppel"
"433",1888,41819,8114,19.4,25876,61.9,7231,17.3,598,1.4,"Ommen"
"434",1897,43609,8098,18.6,26295,60.3,8622,19.8,594,1.4,"Ommen"
"435",1909,50116,9258,18.5,29234,58.3,10086,20.1,1538,3.1,"Ommen"
"436",1888,43278,9886,22.8,31359,72.5,664,1.5,1369,3.2,"Lochem"
"437",1897,44828,10187,22.7,32513,72.5,602,1.3,1526,3.4,"Lochem"
"438",1909,48593,11203,23.1,34531,71.1,1062,2.2,1797,3.7,"Lochem"
"439",1888,44738,29184,65.2,13061,29.2,1723,3.9,770,1.7,"Rheden"
"440",1897,49188,31457,64,15265,31,1729,3.5,737,1.5,"Rheden"
"441",1909,55656,35070,63,16947,30.4,2230,4,1409,2.5,"Rheden"
"442",1888,43218,28320,65.5,13780,31.9,830,1.9,288,0.7,"Druten"
"443",1897,44893,29062,64.7,14001,31.2,995,2.2,835,1.9,"Druten"
"444",1909,46912,30486,65,14778,31.5,1294,2.8,354,0.8,"Druten"
"445",1888,44024,18491,42,21903,49.8,2720,6.2,910,2.1,"Wijk bij Duurstede"
"446",1897,48259,20268,42,24081,49.9,2881,6,1029,2.1,"Wijk bij Duurstede"
"447",1909,51907,21393,41.2,25627,49.4,3567,6.9,1320,2.5,"Wijk bij Duurstede"
"448",1888,44978,1761,3.9,35756,79.5,6808,15.1,653,1.5,"Ede"
"449",1897,49828,1722,3.5,39435,79.1,8038,16.1,633,1.3,"Ede"
"450",1909,57051,1928,3.4,43466,76.2,9643,16.9,2014,3.5,"Ede"
"451",1888,45378,4303,9.5,35377,78,4582,10.1,1116,2.5,"Apeldoorn"
"452",1897,54282,4735,8.7,42185,77.7,5728,10.6,1634,3,"Apeldoorn"
"453",1909,68208,5632,8.3,49655,72.8,8125,11.9,4796,7,"Apeldoorn"
"454",1888,44738,17959,40.1,21123,47.2,4900,11,756,1.7,"Breukelen"
"455",1897,43956,16898,38.4,20717,47.1,5541,12.6,800,1.8,"Breukelen"
"456",1909,45748,17665,38.6,21087,46.1,6095,13.3,901,2,"Breukelen"
"457",1888,42625,16000,37.5,20986,49.2,4027,9.4,1612,3.8,"Enkhuizen"
"458",1897,43690,16850,38.6,20302,46.5,4568,10.5,1970,4.5,"Enkhuizen"
"459",1909,46534,18868,40.5,20062,43.1,4942,10.6,2662,5.7,"Enkhuizen"
"460",1888,43483,7653,17.6,27564,63.4,3255,7.5,5011,11.5,"Den Helder"
"461",1897,46921,8122,17.3,29486,62.8,3247,6.9,6066,12.9,"Den Helder"
"462",1909,49904,8869,17.8,29368,58.8,3483,7,8184,16.4,"Den Helder"
"463",1888,45363,20287,44.7,19474,42.9,1006,2.2,4596,10.1,"Beverwijk"
"464",1897,54014,23487,43.5,22619,41.9,1779,3.3,6129,11.3,"Beverwijk"
"465",1909,78739,32663,41.5,29120,37,4347,5.5,12609,16,"Beverwijk"
"466",1888,46041,17936,39,20960,45.5,6110,13.3,1035,2.2,"Katwijk"
"467",1897,46136,18270,39.6,19982,43.3,7145,15.5,739,1.6,"Katwijk"
"468",1909,57437,22098,38.5,23934,41.7,9615,16.7,1790,3.1,"Katwijk"
"469",1888,39294,9525,24.2,22982,58.5,5500,14,1287,3.3,"Bodegraven"
"470",1897,41425,9735,23.5,24290,58.6,6079,14.7,1321,3.2,"Bodegraven"
"471",1909,45280,10692,23.6,25894,57.2,6951,15.4,1743,3.8,"Bodegraven"
"472",1888,44115,15989,36.2,19321,43.8,8120,18.4,685,1.6,"Loosduinen"
"473",1897,50728,17475,34.4,22235,43.8,10086,19.9,932,1.8,"Loosduinen"
"474",1909,63093,20861,33.1,27919,44.3,12039,19.1,2274,3.6,"Loosduinen"
"475",1888,44034,2061,4.7,36161,82.1,5147,11.7,665,1.5,"Sliedrecht"
"476",1897,46621,1846,4,38311,82.2,5823,12.5,641,1.4,"Sliedrecht"
"477",1909,50567,1903,3.8,41266,81.6,6511,12.9,887,1.8,"Sliedrecht"
"478",1888,43293,15115,34.9,24336,56.2,2924,6.8,918,2.1,"Oostburg"
"479",1897,47509,16393,34.5,26306,55.4,3968,8.4,842,1.8,"Oostburg"
"480",1909,50708,17647,34.8,25820,50.9,4847,9.6,2394,4.7,"Oostburg"
"481",1888,43041,24984,58,14021,32.6,3119,7.2,917,2.1,"Hontenisse"
"482",1897,46004,26465,57.5,14645,31.8,3288,7.1,1606,3.5,"Hontenisse"
"483",1909,49555,28994,58.5,14320,28.9,2917,5.9,3324,6.7,"Hontenisse"
"484",1888,43366,39857,91.9,2850,6.6,466,1.1,193,0.4,"Oosterhout"
"485",1897,48742,44546,91.4,3419,7,471,1,306,0.6,"Oosterhout"
"486",1909,55995,51081,91.2,3481,6.2,769,1.4,664,1.2,"Oosterhout"
"487",1888,44525,31085,69.8,10160,22.8,2950,6.6,330,0.7,"Waalwijk"
"488",1897,44954,32111,71.4,9878,22,2570,5.7,395,0.9,"Waalwijk"
"489",1909,46598,33118,71.1,10003,21.5,3161,6.8,316,0.7,"Waalwijk"
"490",1888,43350,42853,98.9,257,0.6,9,0,231,0.5,"Gulpen"
"491",1897,49981,49347,98.7,320,0.6,8,0,306,0.6,"Gulpen"
"492",1909,65456,63180,96.5,706,1.1,222,0.3,1348,2.1,"Gulpen"
"493",1888,43270,43116,99.6,85,0.2,3,0,66,0.2,"Weert"
"494",1897,46661,46374,99.4,219,0.5,31,0.1,37,0.1,"Weert"
"495",1909,52929,52557,99.3,248,0.5,54,0.1,70,0.1,"Weert"
"496",1888,43787,43199,98.7,375,0.9,2,0,211,0.5,"Veghel"
"497",1897,43753,43259,98.9,332,0.8,2,0,160,0.4,"Veghel"
"498",1909,46095,45736,99.2,230,0.5,6,0,123,0.3,"Veghel"
"499",1897,37562,1938,5.2,26474,70.5,7141,19,2009,5.3,"Hoogezand"
"500",1909,40891,1763,4.3,26416,64.6,8244,20.2,4468,10.9,"Hoogezand"
"501",1897,44324,35,0.1,23712,53.5,17119,38.6,3458,7.8,"Tietjerksteradeel"
"502",1909,48150,17,0,23821,49.5,18675,38.8,5637,11.7,"Tietjerksteradeel"
"503",1897,43579,2416,5.5,32355,74.2,5267,12.1,3541,8.1,"Weststellingwerf"
"504",1909,47265,2380,5,31870,67.4,6510,13.8,6505,13.8,"Weststellingwerf"
